ID QUÀ,TÊN QUÀ,ẢNH QUÀ,ĐƠN GIÁ KC,KHU VỰC
1,Flower,https://static-comm.bigolive.tv/as/pgc-live-manage/g2/M09/00/AE/nXfpA1hjcFWIOfPLAABawR7L2_oAADcPAASpkMAAFrZ604.png?token=ak_yycall:dqaswszAmgU5p780ijG0Am_9ZAA=:0,1,VN
9,Kiss,https://static-comm.bigolive.tv/as/pgc-live-manage/g1/M08/02/36/LXz8F1hkgTaIbE5NAABU8DbBR8EAADdPQCSJjgAAFUI577.png?token=ak_yycall:AmJsfvbZfcnZ37KSBFJhMUe-hMs=:0,2,VN
1023,Swarovski,https://static-comm.bigolive.tv/as/pgc-live-manage/g1/M09/02/36/LXz8F1hkgRuIC2stAABfzSiHFN0AADdOAI8GP4AAF_l719.png?token=ak_yycall:-18ft0gvB3IolapDIP3gKvafxxY=:0,30,VN
1270,Flowers,https://static-comm.bigolive.tv/as/pgc-live-manage/g2/M0B/02/8A/nXfpA1o3jHmIZJtnAADLHbHBJsoAAMwBwP39KIAAMs1071.png,50,VN
1935,Kiss me,https://static-comm.bigolive.tv/as/pgc-live-manage/7h1/M0A/6F/C3/tPobAFxUWdqIFFcLAAAd9hRhY7cAAAYMQDxHXgAAB4O464.png,500,VN
2200,Rose Box,https://static-comm.bigolive.tv/as/pgc-live-manage/7h1/M07/BB/4C/svobAFy9kh-Ibf91AACz-5mVg2kAAsRrAB-4U8AALQT772.png,199,VN
2211,Star Goddess,https://static-comm.bigolive.tv/as/pgc-live-manage/7h1/M08/B8/AB/s_obAFzAAIGIEUHFAADZ5udKNtQAAzfgwD9738AANn-514.png,200,VN
2784,Love Balloon,https://static-comm.bigolive.tv/as/pgc-live-manage/7h4/M09/39/CE/bPsbAF2nQ-6IFXDRAACVU4wIlQsAA2iQgMb9IwAAJVr852.png,100,VN
3122,💕Love Car,https://static-comm.bigolive.tv/as/pgc-live-manage/7h2/M04/2E/A2/8fobAF4j9rqIFBrWAAAwBwWnTzkAA2cTwPfuGsAADAf196.png,100,VN
3123,Rose Rocket,https://static-comm.bigolive.tv/as/pgc-live-manage/7h2/M0A/2E/E5/8fobAF4j9-qITCh6AAAsawNsR-oAA2cvQGD3ooAACyD185.png,1000,VN
3279,magic mask,https://static-comm.bigolive.tv/as/pgc-live-manage/7h6/M01/CB/EF/6vsbAF5ltmyIBB8lAADBHCH88LMAAUH5gL8J1wAAME0259.png,99,VN
3353,Dragon King,https://static-comm.bigolive.tv/as/pgc-live-manage/4h7/1EsP1V.png,9999,VN
3915,Treasures,https://static-comm.bigolive.tv/as/pgc-live-manage/3s2/089So0.png,100,VN
4214,Gala's Flower,https://static-comm.bigolive.tv/as/pgc-live-manage/3s2/04o72w.png,10,VN
4215,Gala's Firework,https://static-comm.bigolive.tv/as/pgc-live-manage/3s2/01mAEo.png,50,VN
4350,Crystal ball,https://static-comm.bigolive.tv/as/pgc-live-manage/3s1/02hKmz.png,100,VN
4519,RG REVO,https://static-comm.bigolive.tv/as/pgc-live-manage/3s3/0c7yNw.png,10,VN
4648,Throwing coins,https://static-comm.bigolive.tv/as/pgc-live-manage/3s3/0sPBa0.png,100,VN
4774,💓Cupid's arrow,https://static-comm.bigolive.tv/as/pgc-live-manage/3s4/179C0V.png,100,VN
4864,🔋Mecha vehicle,https://static-comm.bigolive.tv/as/pgc-live-manage/3s4/0MiRuO.png,100,VN
5357,Yellow Duck,https://static-comm.bigolive.tv/as/pgc-live-manage/3s2/01NlMMy.png,1,VN
5415,💖Flower Gifting,https://static-comm.bigolive.tv/as/pgc-live-manage/3s4/08imvq.png,100,VN
5469,Best Host,https://static-comm.bigolive.tv/as/pgc-live-manage/4he/11umjPDMm7h8.png,10,VN
5773,Heart Lock,https://static-comm.bigolive.tv/as/pgc-live-manage/4h9/0FxSn3.png,1,VN
5774,💓Crush,https://static-comm.bigolive.tv/as/pgc-live-manage/4h2/26lnKs.png,100,VN
5894,love you,https://static-comm.bigolive.tv/as/pgc-live-manage/4h9/2FYTu3.png,10,VN
5962,firework,https://static-comm.bigolive.tv/as/pgc-live-manage/4ha/1CcHRQ.png,20,VN
5965,Disco Dancing,https://static-comm.bigolive.tv/as/pgc-live-manage/4ha/2Fqu9A.png,100,VN
5970,💎Luxury Car,https://static-comm.bigolive.tv/as/pgc-live-manage/4hc/2TPue4.png,1000,VN
5976,The Protector,https://static-comm.bigolive.tv/as/pgc-live-manage/4h2/2U49ZB.png,50,VN
6136,Lovely heart,https://static-comm.bigolive.tv/as/pgc-live-manage/4hb/05XPSQ.png,10,VN
6138,Love bubbles,https://static-comm.bigolive.tv/as/pgc-live-manage/4hc/2KmcFe.png,50,VN
6182,Dance with the Knight,https://static-comm.bigolive.tv/as/pgc-live-manage/4hb/2TN6s9.png,1000,VN
6210,Shaved Ice,https://static-comm.bigolive.tv/as/pgc-live-manage/4hc/1Urb3v.png,1,VN
6211,Summer Suitcase,https://static-comm.bigolive.tv/as/pgc-live-manage/4hb/0CIdlk.png,100,VN
6212,Summer Surfing,https://static-comm.bigolive.tv/as/pgc-live-manage/4hb/0x3P66.png,1000,VN
6216,Lucky Dino,https://static-comm.bigolive.tv/as/pgc-live-manage/4hb/26zYPb.png,100,VN
6314,Purple flowers,https://static-comm.bigolive.tv/as/pgc-live-manage/4hc/0b8Epr.png,299,VN
6422,Mace X GALA,https://static-comm.bigolive.tv/as/pgc-live-manage/4hb/1QW94t.png,1,VN
7572,Angry Egg,https://static-comm.bigolive.tv/as/pgc-live-manage/4hc/2M81Fy.png,7,VN
7592,Full-screen Coins,https://static-comm.bigolive.tv/as/pgc-live-manage/4hc/1X9XJM.png,100,VN
7758,Sexy Kiss,https://static-comm.bigolive.tv/as/pgc-live-manage/4hd/2lOavJ.png,25,VN
7852,7th Anniv. Badge,https://static-comm.bigolive.tv/as/pgc-live-manage/4hd/04LnVJ.png,177,VN
7862,Funny Joker,https://static-comm.bigolive.tv/as/pgc-live-manage/4hd/2KYggx.png,20,VN
500028,💰Mechanic Horse,https://static-comm.bigolive.tv/as/pgc-live-manage/4hb/14MVXl.png,100,VN
500146,Marry Me,https://static-comm.bigolive.tv/as/pgc-live-manage/4hc/01sE4ob2Dusx.png,500,VN
500148,Garland,https://static-comm.bigolive.tv/as/pgc-live-manage/4hb/11sE4qIL8M0f.png,300,VN
500418,Luv Letter,https://static-comm.bigolive.tv/as/pgc-live-manage/4hd/01sTI2l9Uwqak.png,299,VN
500420,Love U Twice,https://static-comm.bigolive.tv/as/pgc-live-manage/4hd/11sTI7TWuJOa5.png,199,VN
500790,Super UFO,https://static-comm.bigolive.tv/as/pgc-live-manage/4hc/0XlMXp.png,200,VN
501211,Supercar,https://static-comm.bigolive.tv/as/pgc-live-manage/4he/01tSwRe2swb6.png,5000,VN
501222,Knight's wings,https://static-comm.bigolive.tv/as/pgc-live-manage/4hb/0CKM0Y.png,100,VN
501223,Bigo Helicopter,https://static-comm.bigolive.tv/as/pgc-live-manage/3s4/0PHOc0.png,100,VN
501224,Planet War Rocket,https://static-comm.bigolive.tv/as/pgc-live-manage/4hd/1dwCv6.png,100,VN
501225,Pink Heart,https://static-comm.bigolive.tv/as/pgc-live-manage/4hd/01tQSID4Xk8UP.png,50,VN
501245,⏳Bubbles,https://static-comm.bigolive.tv/as/pgc-live-manage/4hd/11tSYfOGmCosx.png,120,VN
501247,⏳Retro Car,https://static-comm.bigolive.tv/as/pgc-live-manage/4hp/1u6Q2ua7a43aa58d1d4674802b1a0c28521fe8ph.png,6000,VN
501496,Cupid's fountain,https://static-comm.bigolive.tv/as/pgc-live-manage/3s4/07Sdlm.png,100,VN
501505,Golden hourglass,https://static-comm.bigolive.tv/as/pgc-live-manage/4hp/1ti2yw46b7c324428649e8b8ade46e67b8b94eph.png,1,VN
501652,Crystal Bear Cake,https://static-comm.bigolive.tv/as/pgc-live-manage/4he/21tp2yRUZSUB.png,1000,VN
501847,MISS BIGO Crown,https://static-comm.bigolive.tv/as/pgc-live-manage/4hp/1ty0Wi0f25e97b15184c5faadb5247b49ad972ph.png,1,VN
502014,Rabbit ears,https://static-comm.bigolive.tv/as/pgc-live-manage/4hp/1u4azD899b435ee0cb4fb19d40f9ba4ac773c3ph.png,100,VN
502016,Face Pinching,https://static-comm.bigolive.tv/as/pgc-live-manage/4hp/1u4acP8078ef5e17a54fc39a68b58775a6ddb0ph.png,300,VN
502017,Kiss on the face,https://static-comm.bigolive.tv/as/pgc-live-manage/4hp/1u4az16404823244da4e038237cac634ae2d15ph.png,199,VN
502019,Butterfly Wings,https://static-comm.bigolive.tv/as/pgc-live-manage/4hp/1u4ahxc71c676a568a4b40875e6050cbacd40bph.png,1000,VN
502081,Sea Compass,https://static-comm.bigolive.tv/as/pgc-live-manage/4hp/1u886K0dcf2ae5bb8e4deab35d8e3af5eb5236ph.png,1,VN
502618,Water Dragon,https://static-comm.bigolive.tv/as/pgc-live-manage/4hp/1ua8zYc4bd051240cf45fb983d89ad30322e13ph.png,500,VN
502695,Roses,https://static-comm.bigolive.tv/as/pgc-live-manage/7h3/M06/4D/97/LvsbAF0R35yIDMNLAAB9U61U2s0AAPe6gAjfBoAAH1r081.png,1,VN
503044,Flower Guardian,https://static-comm.bigolive.tv/as/pgc-live-manage/4he/21uwcLYJ171y.png,100,VN
503046,Phoenix Wings,https://static-comm.bigolive.tv/as/pgc-live-manage/4he/21uwayUM459P.png,300,VN
503436,Wings of Light,https://static-comm.bigolive.tv/as/pgc-live-manage/lpsz/1vGzmG00y33lYHC0TOw7d.png,100,VN
503567,LeapTime,https://static-comm.bigolive.tv/as/pgc-live-manage/lpsx/1vR7VM00y33lYHC0urIqo.png,200,VN
503568,Melody Love,https://static-comm.bigolive.tv/as/pgc-live-manage/lpsy/1vR6fF00y33lYHC0HSHFB.png,10,VN
503569,StarJump,https://static-comm.bigolive.tv/as/pgc-live-manage/lpsx/1vR7yZ00y2TWPL027ldJx.png,10,VN
503612,Sweet Rush,https://static-comm.bigolive.tv/as/pgc-live-manage/lpsy/1vTEIv00y33lYHC0VsR3D.png,5000,VN
503619,Bunny DINO,https://static-comm.bigolive.tv/as/pgc-live-manage/lpsx/1vTGFy00y33lYHC19cPOR.png,1,VN
503620,Fox DINO,https://static-comm.bigolive.tv/as/pgc-live-manage/lpsx/1vTGIB00y33lYHC01rglE.png,1,VN
503633,Ashkin DINO,https://static-comm.bigolive.tv/as/pgc-live-manage/lpsz/1vV7mi00y33lYHC1loz3w.png,1,VN
503634,Spark Rider,https://static-comm.bigolive.tv/as/pgc-live-manage/lpsz/1vV8Eb00y33lYHC1p7DR7.png,100,VN
503898,Snowboarding,https://static-comm.bigolive.tv/as/pgc-live-manage/lpsy/1vhlzc00y2TWPL01NATnw.png,1,VN
503899,Skating,https://static-comm.bigolive.tv/as/pgc-live-manage/lpsy/1vhm1N00y2TWPL00vc8Kt.png,1,VN
503900,Dino Sledding,https://static-comm.bigolive.tv/as/pgc-live-manage/lpsx/1vhm2p00y2TWPL01pWE88.png,100,VN
503928,Meow Rose,https://static-comm.bigolive.tv/as/pgc-live-manage/lpsy/1viZCC00y2TWPL01YuGBn.png,1,VN
503929,Wiggle Hearts,https://static-comm.bigolive.tv/as/pgc-live-manage/lpsz/1viZDF00y33lYHC1jVo9B.png,1,VN
503930,Purr Rub,https://static-comm.bigolive.tv/as/pgc-live-manage/lpsx/1viZEt00y33lYHC1cjE00.png,100,VN
504059,Pink Launch,https://static-comm.bigolive.tv/as/pgc-live-manage/lpsx/1voHag00y33lYHC19ilTa.png,1,VN
504077,Sapphire Tiger,https://static-comm.bigolive.tv/as/pgc-live-manage/lpsz/1vpMqp00y33lYHC28Fwoh.png,5000,VN
504141,Kiss me,https://static-comm.bigolive.tv/as/pgc-live-manage/lpsx/1vq7wW00y33lYHC1e2RId.png,500,VN
504166,Checkered Flag Trophy,https://static-comm.bigolive.tv/as/pgc-live-manage/lpsz/1vqU3Q00y2TWPL00nuHr6.png,100,VN
504168,Speed Supply,https://static-comm.bigolive.tv/as/pgc-live-manage/lpsx/1vq0Vu00y2TWPL00Sxg9n.png,5000,VN
504198,Mauve Wing,https://static-comm.bigolive.tv/as/pgc-live-manage/lpsy/1vwzrw00y2TWPL00ETbRw.png,1,VN
504200,Pink Phoenix Rise,https://static-comm.bigolive.tv/as/pgc-live-manage/lpsy/1vxcaY00y33lYHC25b99z.png,100,VN
504203,Hat Trick,https://static-comm.bigolive.tv/as/pgc-live-manage/lpsz/1vxcaz00y33lYHC1mymu0.png,100,VN
504275,❥Firework,https://static-comm.bigolive.tv/as/pgc-live-manage/lpsz/1vzZLO00y33lYHC0xscTw.png,1000,VN
504318,Champagne Tower,https://static-comm.bigolive.tv/as/pgc-live-manage/lpsx/1w24Jx00y2TWPL02GXyVF.png,120,VN
504464,Sky Copter,https://static-comm.bigolive.tv/as/pgc-live-manage/lpsy/1w5jAl00y2TWPL01fhJIX.png,100,VN
504511,Hope Blossom,https://static-comm.bigolive.tv/as/pgc-live-manage/lpsx/1w7ovH00y2TWPL00DyTQM.png,100,VN
504532,Red Cap,https://static-comm.bigolive.tv/as/pgc-live-manage/lpsy/1w7y1U00y33lYHC0ruRrw.png,100,VN
504635,Earth,https://static-comm.bigolive.tv/as/pgc-live-manage/lpsy/1wCDWP00y2TWPL01T09J0.png,1,VN
504636,Co-Plant,https://static-comm.bigolive.tv/as/pgc-live-manage/lpsx/1wCDYE00y2TWPL01dW8gX.png,100,VN
504638,Co-Clean,https://static-comm.bigolive.tv/as/pgc-live-manage/lpsy/1wCDbh00y33lYHC0cxI73.png,100,VN
8,Teddy,https://static-comm.bigolive.tv/as/pgc-live-manage/g1/M03/02/36/nXfpBFhkgM2IZhFlAAB-B3nETMsAADdOQGUkYsAAH4f559.png?token=ak_yycall:Bf2ORmmnHOAAGADj829RHcm22Hw=:0,2,
21,Cake,https://static-comm.bigolive.tv/as/pgc-live-manage/g2/M09/00/AE/nXfpA1hjjUiIEKMoAAB-Eh9DUFQAADcTwI8urcAAH4q595.png?token=ak_yycall:HN-qWioDGHEcqeor8huoA6mqpEc=:0,3,
1007,Roadster,https://static-comm.bigolive.tv/as/pgc-live-manage/g2/M09/00/B0/nXfpA1hkg5KILr0zAAB1Ghk2qVcAADdOALm1UEAAHUy091.png?token=ak_yycall:745JvqpPcMUMI7hVR7dAmbJLWMs=:0,3000,
1024,King,https://static-comm.bigolive.tv/as/pgc-live-manage/g1/M0A/02/34/LXz8F1hjjXCIdh2iAABs4MZPRX0AADcVgHLjb0AAGz4271.png?token=ak_yycall:S-mWnsmU4GU8mVz2DX465LfIuHI=:0,100,
1057,Moto,https://static-comm.bigolive.tv/as/pgc-live-manage/g1/M0B/03/15/LXz8F1i2kruIXGmZAAAomukXP9EAAE0CAC4w58AACiy699.png,1000,
1140,Kiss,https://static-comm.bigolive.tv/as/pgc-live-manage/g2/M00/04/F9/iwVsD1m2b6SIEMIoAAB7QTTKtLAAAKu7wIirzcAAHtZ326.png,1,
1207,Lollipop,https://static-comm.bigolive.tv/as/pgc-live-manage/g1/M03/00/43/nXfpBFt05AyIfvcCAAAnTGOzeTwAAXySAEwbpwAACdk231.png,1,
1236,King,https://static-comm.bigolive.tv/as/pgc-live-manage/g2/M09/02/12/nXfpA1oNUmSICgyTAAB3RMPrOAgAAMBLAAA82wAAHdc329.png,100,
1238,花火,https://static-comm.bigolive.tv/as/pgc-live-manage/g1/M05/07/FF/LXz8F1oNU4GICbCrAAAwcmPgRpoAAMexAHSwQIAADCK504.png,30,
1409,Player,https://static-comm.bigolive.tv/as/pgc-live-manage/g2/M01/05/5A/nXfpA1sY-weIDbyBAAAk1N4w3hQAARJWQOhGAEAACTs749.png,1,
1439,BrenXKzn,https://static-comm.bigolive.tv/as/pgc-live-manage/g2/M02/06/B2/iwVsD1tPG2KIFOwwAAAf_laM0zAAATO8gCy0KUAACAW777.png,100,
1444,Nivi,https://static-comm.bigolive.tv/as/pgc-live-manage/g1/M02/0E/37/nXfpBFtPHgOIXTEoAAAtlvx7ZpoAAWMCgNt4-QAAC2u237.png,1,
1473,태극기,https://static-comm.bigolive.tv/as/pgc-live-manage/g2/M03/07/5B/LXz8GFtoENiIUQK4AAAb3sZ3oAQAAUQ_wELRlkAABv2675.png,1,
1494,Suika,https://static-comm.bigolive.tv/as/pgc-live-manage/g1/M0A/0E/E1/iwVsDltoGPSIBQrKAABM1wksL3UAAXOSQDuKcIAAEzv396.png,1,
1534,Modak,https://static-comm.bigolive.tv/as/pgc-live-manage/g2/M0A/08/39/nXfpA1uYeiSITOPCAAAsl4CsBNkAAVm_QKUAdQAACyv661.png,1,
1629,カメラ,https://static-comm.bigolive.tv/as/pgc-live-manage/g1/M00/0F/7E/LXz8F1vlNOuIYSuOAACPM8UXrLYAAee9wNyr7EAAI9L088.png,100,
1630,ローズ,https://static-comm.bigolive.tv/as/pgc-live-manage/g2/M09/09/F1/LXz8GFvlNRyIXfIUAAAuVOvZ5osAAYRagItEfEAAC5s628.png,1500,
1684,Winner,https://static-comm.bigolive.tv/as/pgc-live-manage/g1/M01/10/DD/nXfpBFv8q5SILjyJAAAoWfZ20UwAAglDwDjqnUAAChx429.png,100,
1686,応援GO,https://static-comm.bigolive.tv/as/pgc-live-manage/g1/M07/10/DD/nXfpBFv8tBaIUFTMAABwx9l-J6YAAglKgHACyoAAHDf815.png,1,
1700,生日恐龍,https://static-comm.bigolive.tv/as/pgc-live-manage/g2/M02/06/0C/nXfpA1v-QVyIVrx4AABuoZuzAbUAAafjwFRhLgAAG65980.png,100,
1702,水やりGOちゃん,https://static-comm.bigolive.tv/as/pgc-live-manage/g1/M07/10/F3/nXfpBFv-QoaIXwp8AAAYF_0RSOUAAgtJgN0RQsAABgv392.png,50,
1703,BIっくりGO,https://static-comm.bigolive.tv/as/pgc-live-manage/g1/M02/10/F3/nXfpBFv-QvSIAHgFAABuoZuzAbUAAgtKgL6XeMAAG65694.png,100,
1704,らぶらぶBIGO,https://static-comm.bigolive.tv/as/pgc-live-manage/g2/M0B/06/0C/LXz8GFv-QyOIENmVAABRQruqL6cAAafkgPYkBwAAFFa949.png,300,
1706,お花GOちゃん,https://static-comm.bigolive.tv/as/pgc-live-manage/g1/M04/11/46/nXfpBFwE40eIM0h3AACrz23dgRgAAhKDAPGpJUAAKvn246.png,1,
1710,ソーダ,https://static-comm.bigolive.tv/as/pgc-live-manage/g1/M01/11/5A/iwVsDlwGRvKIKFhnAAAqtA3OJ1oAAhQywL4Xc8AACrM213.png,1,
1732,Wish Gift,https://static-comm.bigolive.tv/as/pgc-live-manage/g2/M00/06/9E/iwVsD1wI4wqID5WxAAC8m-TxUVwAAbSzwImUZEAALyz993.png,100,
1740,ハーモニカ,https://static-comm.bigolive.tv/as/pgc-live-manage/g1/M04/12/0C/LXz8F1wRCRKIZHfgAABpwkzPwEAAAiP6gJ6e-EAAGna884.png,1,
1776,Happy Christmas,https://static-comm.bigolive.tv/as/pgc-live-manage/g1/M06/13/30/iwVsDlwY2HOIAEIbAAC8m-TxUVwAAi4KgA5JrUAALyz961.png,100,
1834,Karen,https://static-comm.bigolive.tv/as/pgc-live-manage/g2/M09/19/0A/CYAIAFw-nLaIXU_WAAC7AH5cqqsAAfSbQGN51YAALsY028.png,1,
1838,霸气小狼狗 Stephen 浩南,https://static-comm.bigolive.tv/as/pgc-live-manage/g2/M05/19/0B/CYAIAFw-nmmISKBtAAA4jiUrYYMAAfSdAGDGiAAADim562.png,999,
1902,BIちゃん大好,https://static-comm.bigolive.tv/as/pgc-live-manage/g1/M02/1F/57/AoAIAFxO_JuIOkK3AABmXBh8OtQAAkvNgLC77YAAGZ0368.png,500,
1906,ハートステッキ,https://static-comm.bigolive.tv/as/pgc-live-manage/g1/M01/1F/82/AoAIAFxPtqiIdlABAAB0gs3lTyQAAkwlgJGVd4AAHSa709.png,1,
1912,Çay,https://static-comm.bigolive.tv/as/pgc-live-manage/7h1/M0C/64/C4/svobAFxRTuyIMOByAAB9hSoCekAAAAGoQJTlu4AAH2d630.png,1,
1913,Lale,https://static-comm.bigolive.tv/as/pgc-live-manage/7h1/M0B/64/C8/tPobAFxRT0SIQOV1AADf7278zVkAAAGpgI947gAAOAH591.png,100,
1987,hand heart,https://static-comm.bigolive.tv/as/pgc-live-manage/7h1/M0E/0E/C5/s_obAFxw_yyIJJtcAAB2LWLYi14AAEy0AE8YC8AAHZF982.png,50,
2002,Afsana,https://static-comm.bigolive.tv/as/pgc-live-manage/7h1/M0E/22/D4/svobAFx2U5yIUwMGAABb0epdY_QAAFoAwKRbE8AAFvp085.png,1,
2009,Dino Love,https://static-comm.bigolive.tv/as/pgc-live-manage/7h1/M01/23/01/s_obAFx2XzCIacrEAAC6ZrMf-fYAAFoeAEAUlEAALp-448.png,1,
2034,Tarot Card,https://static-comm.bigolive.tv/as/pgc-live-manage/7h1/M0A/5C/8A/svobAFyDQIGIbdKgAAAm1KQjLJcAAHqDACSdN0AACbs610.png,2,
2038,クラウン,https://static-comm.bigolive.tv/as/pgc-live-manage/7h1/M00/68/C5/tPobAFyGBuCIDe1sAAAeRJsShfQAAIIcADm7OEAAB5c022.png,2,
2054,Flag-raising,https://static-comm.bigolive.tv/as/pgc-live-manage/7h1/M0A/76/A1/svobAFyIrKaILA7OAABSQ5SliBoAAInPANEdvcAAFJb645.png,1,
2081,三色団子,https://static-comm.bigolive.tv/as/pgc-live-manage/g1/M09/28/95/AYAIAFyR5u2IZqYfAAAf45zSFQgAAk9QwNTAoYAAB_7689.png,1,
2082,たこ焼きGO,https://static-comm.bigolive.tv/as/pgc-live-manage/7h1/M0E/9F/7E/svobAFyR5w-IeulHAAAcVWUc4eMAAJ6WQCbj-YAABxt846.png,100,
2125,歌うゴーちゃん,https://static-comm.bigolive.tv/as/pgc-live-manage/7h1/M0C/5F/AB/svobAFyi49GIYgClAAAoZ77QT9wAAS2DgFEo5AAACh_624.png,100,
2134,ハートGOちゃん,https://static-comm.bigolive.tv/as/pgc-live-manage/7h1/M07/E4/73/tPobAFykIh2IKei_AAC6ZrMf-fYAAUwcgP-DHcAALp-184.png,1,
2136,スターGOちゃん,https://static-comm.bigolive.tv/as/pgc-live-manage/7h1/M01/46/2F/s_obAFykImKIOb9nAAAk65PNAMcAAU_mQIyAo0AACUD291.png,100,
2144,Hammer,https://static-comm.bigolive.tv/as/pgc-live-manage/7h1/M04/47/3B/s_obAFykbLqIFnaPAACvQC8vOdcAAVbBQEOEhIAAK9Y638.png,1,
2176,DINO LOVES YOU,https://static-comm.bigolive.tv/as/pgc-live-manage/7h1/M04/99/1F/svobAFyxzNiIEbsXAABmXBh8OtQAAimsAOvH4AAAGZ0441.png,500,
2185,Honeymoon,https://static-comm.bigolive.tv/as/pgc-live-manage/7h1/M00/A9/1A/svobAFy3Fw-IBj3yAAAuHaE6k18AAnYoAAgvzQAAC41963.png,20000,
2198,Unicorn,https://static-comm.bigolive.tv/as/pgc-live-manage/7h1/M01/BB/0B/svobAFy9kdeII2o3AAAee9aCeJsAAsRPgCbB8AAAB6T692.png,1,
2202,carousel,https://static-comm.bigolive.tv/as/pgc-live-manage/7h1/M03/BB/10/svobAFy9kyGIdkiGAAAuu0ke28QAAsRUgKR02AAAC7T618.png,1500,
2209,🌟Taurus,https://static-comm.bigolive.tv/as/pgc-live-manage/7h1/M0C/41/01/tPobAFy__k6IOgflAABgTGuSmqcAAxUYALMJnsAAGBk033.png,1,
2224,Hot-air Balloon,https://static-comm.bigolive.tv/as/pgc-live-manage/7h1/M02/1D/5B/svobAFzDzC2IJW-XAACYFuJrhMoAAwrMgAn_GYAAJgu104.png,999,
2227,お月様,https://static-comm.bigolive.tv/as/pgc-live-manage/7h1/M08/ED/77/s_obAFzFV-aINBLCAAA00S66OYYAA3kmwB9nrIAADTp624.png,10,
2290,Rose Box,https://static-comm.bigolive.tv/as/pgc-live-manage/7h4/M03/0B/F8/bPsbAFzj9LmIDFJOAACz-5mVg2kAACQAgJiufEAALQT831.png,199,
2310,ラブドリンク,https://static-comm.bigolive.tv/as/pgc-live-manage/7h3/M09/17/39/MPsbAFzs1NOIfA0vAAAbOdky0yEAAFLUAD6Ci4AABtR502.png,50,
2330,拾月🌛最👍,https://static-comm.bigolive.tv/as/pgc-live-manage/7h4/M09/1A/7A/bfsbAFztPlyILt21AAAx5nUH4osAAFrMQPOiXcAADH-783.png,2000,
2362,チキン&ビール,https://static-comm.bigolive.tv/as/pgc-live-manage/7h1/M01/B4/54/tPobAFzvrVKIa1U1AACOzvb2ilMABIwBgAQPr8AAI7m257.png,100,
2383,念小念,https://static-comm.bigolive.tv/as/pgc-live-manage/7h3/M01/24/B7/L_sbAFz1422IXpRfAAAwYfpcGCoAAHcRQFedjUAADB5062.png,300,
2388,Dino-龙龙,https://static-comm.bigolive.tv/as/pgc-live-manage/7h4/M06/39/28/bPsbAF0DUvCIfBuLAABS2hOvNzgAAKmRABasPkAAFLy449.png,100,
2408,玫瑰花盒,https://static-comm.bigolive.tv/as/pgc-live-manage/7h4/M0A/3F/D7/bPsbAF0KObyIERXqAAAwzBnekYYAAMQKgF17QQAADDk266.png,999,
2425,Love U,https://static-comm.bigolive.tv/as/pgc-live-manage/7h3/M0D/42/24/MPsbAF0W12WIRDMgAADB_YnF4_gAAPPLgLH-c8AAMIV452.png,100,
2437,Celebration,https://static-comm.bigolive.tv/as/pgc-live-manage/7h3/M03/5B/A0/LvsbAF0aAHSILeT6AAAv6yBixucAARFEACc7n4AADAD735.png,200,
2442,Poo-Pile,https://static-comm.bigolive.tv/as/pgc-live-manage/7h2/M0A/4C/D8/8fobAF0dqVqITMwEAAAosdBdz4gAARW1QIwhWIAACjJ010.png,5,
2450,Light Stick,https://static-comm.bigolive.tv/as/pgc-live-manage/7h3/M0A/6C/10/LvsbAF0jRt6IJNL-AABrTpyqCIoAATb2AP1VWcAAGtm807.png,1,
2463,Bell,https://static-comm.bigolive.tv/as/pgc-live-manage/4hb/1aNLHJ.png,5,
2467,Super Airdrop,https://static-comm.bigolive.tv/as/pgc-live-manage/7h4/M06/84/61/bPsbAF0xjRGIBOGcAABrypfM-DkAAVqRgMi6X0AAGvi142.png,80000,
2492,Gold Bag,https://static-comm.bigolive.tv/as/pgc-live-manage/7h3/M0E/9B/C3/LvsbAF06cKqIaL47AAA1ANOKbnoAAYA0ACgYDgAADUY842.png,50,
2514,❤ Balloon,https://static-comm.bigolive.tv/as/pgc-live-manage/7h3/M07/89/C6/L_sbAF1BRt6IL0gZAABquFy8e_8AAYpXQGGrNYAAGrQ229.png,20,
2520,leo,https://static-comm.bigolive.tv/as/pgc-live-manage/7h2/M00/81/9B/8vobAF1BU7mIOh9kAACjbGAhI1UAAYQhANNPrIAAKOE337.png,1,
2563,拾月那么漂亮呀,https://static-comm.bigolive.tv/as/pgc-live-manage/7h2/M01/BB/65/8PobAF1ONdeINBJOAACcdQ45VLsAAbG5AJLQTwAAJyN737.png,500,
2591,Applaud,https://static-comm.bigolive.tv/as/pgc-live-manage/7h2/M0D/A6/BD/8fobAF1cvmyIBKYcAABwqrj4I18AAcE7QDDTFMAAHDC141.png,5,
2593,BIGOカー,https://static-comm.bigolive.tv/as/pgc-live-manage/7h2/M05/A6/DB/8fobAF1c7TGIA-NxAAApi-ef-5EAAcGSwHGYSMAACmj709.png,999,
2601,チョコ,https://static-comm.bigolive.tv/as/pgc-live-manage/7h2/M03/AA/E7/8vobAF1fjkCIWpPJAACa799-QmkAAc-vgFGaosAAJsH348.png,599,
2603,お月見GOちゃん,https://static-comm.bigolive.tv/as/pgc-live-manage/7h2/M0E/D2/8F/8PobAF1fk5uIBc1WAAAljQsRuXwAAdqzAFZYF4AACWl557.png,999,
2641,ライトスティック,https://static-comm.bigolive.tv/as/pgc-live-manage/7h2/M0D/C3/B0/8vobAF1wt-mIB1Q7AABrTpyqCIoAAgm0AGCZLQAAGtm685.png,1,
2650,エナジーボール,https://static-comm.bigolive.tv/as/pgc-live-manage/7h2/M0C/CD/1B/8fobAF13uEuIKLSfAAA0KCtW0Z0AAfTmwMGcB4AADRA140.png,1,
2651,エナジーガン,https://static-comm.bigolive.tv/as/pgc-live-manage/7h1/M05/DE/94/svobAF13uGqIOWR6AAAtUJvX2UcABQPPAK4WH4AAC1o352.png,100,
2662,Bomb,https://static-comm.bigolive.tv/as/pgc-live-manage/7h2/M04/09/A6/8PobAF2CBbKIZnCiAAB87uumf08AArK3ADTi6IAAH0G509.png,15,
2667,ラッキー女神,https://static-comm.bigolive.tv/as/pgc-live-manage/7h2/M07/DE/BD/8fobAF2DLLKIN0ySAACsQeMMzHwAAgoaQP79xUAAKxZ437.png,999,
2673,クラッカー,https://static-comm.bigolive.tv/as/pgc-live-manage/7h2/M0D/E5/EB/8fobAF2I0W-IVw_AAACsxWZHAqkAAhTiQABLfEAAKzd718.png,100,
2675,ギフティングGO,https://static-comm.bigolive.tv/as/pgc-live-manage/7h1/M09/7E/8A/s_obAF2I0luIZTWpAAAwzBnekYYABT29QHM8tAAADDk389.png,999,
2679,Malaysia Dino,https://static-comm.bigolive.tv/as/pgc-live-manage/7h2/M0B/E5/DC/8fobAF2I1UiIHsZwAABuhQupq6AAAhTJQPGhucAAG6d322.png,1,
2681,Philippines Dino,https://static-comm.bigolive.tv/as/pgc-live-manage/7h3/M0A/FD/7B/L_sbAF2I1XOIeINoAABiSKBN1yYAAiIZQKAxFIAAGJg982.png,1,
2686,マップ,https://static-comm.bigolive.tv/as/pgc-live-manage/7h4/M07/0F/24/bPsbAF2I4-aIaD5HAAAxU3hxMtgAAu_GAAYAskAADFr833.png,1,
2690,ธงชาติไทย,https://static-comm.bigolive.tv/as/pgc-live-manage/7h3/M08/01/D9/L_sbAF2MWTOID2qxAABO4KT3EfYAAig4wFsmyAAAE74761.png,1,
2747,🐼 Bamboo shoots,https://static-comm.bigolive.tv/as/pgc-live-manage/7h4/M0E/EE/A6/bvsbAF2fWHGIQn-hAAAh2mYDvcMAAlTnAFHtEcAACHy994.png,1,
2750,🐼 Baby Panda,https://static-comm.bigolive.tv/as/pgc-live-manage/7h1/M0A/F2/CD/svobAF2fWPWIE8ZzAACKlZTlcD4ABUZuANPtVcAAIqt534.png,200,
2756,Thor's Hammer,https://static-comm.bigolive.tv/as/pgc-live-manage/7h3/M0A/19/1E/L_sbAF2gAG-Ie_8XAAAn50y08RYAAkurwNFzkEAACf_690.png,1,
2762,단풍잎,https://static-comm.bigolive.tv/as/pgc-live-manage/7h2/M01/07/D6/8vobAF2kohyIFEDCAAAh7TbbTLIAAmrBAOdohYAACIF338.png,1,
2763,붕어빵,https://static-comm.bigolive.tv/as/pgc-live-manage/7h1/M02/14/A6/tPobAF2kojeIWTyQAABYT1YEkMsABS1dAFmAwcAAFhn324.png,1,
2777,剣闘士,https://static-comm.bigolive.tv/as/pgc-live-manage/7h1/M07/F7/76/svobAF2nQS2IAZLVAAC9cRuG5zwABVGIgHuJnIAAL2J560.png,999,
2779,BIGO妖怪,https://static-comm.bigolive.tv/as/pgc-live-manage/7h4/M02/39/DA/bPsbAF2nQhiIfmlhAAAsImdI-BkAA2inAACKvQAACw6255.png,999,
2782,Love,https://static-comm.bigolive.tv/as/pgc-live-manage/7h3/M00/3F/4F/LvsbAF2nQ7qIDhx-AAAchrQ4rZUAA3uvAPqWRYAABye666.png,1,
2783,Love,https://static-comm.bigolive.tv/as/pgc-live-manage/7h4/M07/39/D7/bPsbAF2nQ9KIfIdaAAAchrQ4rZUAA2idAG0eVkAABye643.png,1,
2786,Meteor shower,https://static-comm.bigolive.tv/as/pgc-live-manage/7h2/M0E/0C/33/8fobAF2nREqIMXjKAAAq5mCjdBIAAkwZQOg0-8AACr-744.png,999,
2794,Marry me,https://static-comm.bigolive.tv/as/pgc-live-manage/7h3/M08/F2/04/MPsbAF2nRiKIFSOgAAC3BrYdXPIAAlJ6gNx98oAALce961.png,20000,
2796,Curry fish ball,https://static-comm.bigolive.tv/as/pgc-live-manage/7h3/M0C/40/67/LvsbAF2n3FKIV4H8AABU8llDk1sAA3zWAAo8FoAAFUK783.png,1,
2798,Bubble milk tea,https://static-comm.bigolive.tv/as/pgc-live-manage/7h3/M0A/40/51/LvsbAF2n3J2IPOHnAABvjKHk74IAA3y9AJUE_sAAG-k338.png,1,
2800,Merlion,https://static-comm.bigolive.tv/as/pgc-live-manage/7h3/M08/40/56/LvsbAF2n3OGIRAYOAAB2vs15GtkAA3zOgHlo0MAAHbW170.png,1,
2801,Marina Bay,https://static-comm.bigolive.tv/as/pgc-live-manage/7h2/M09/0C/E7/8fobAF2n3QKIb3tpAADKw2mYOMIAAkz6QKFCycAAMrb909.png,9999,
2805,🏆 Trophy,https://static-comm.bigolive.tv/as/pgc-live-manage/7h3/M05/F4/79/MPsbAF2oiICIVvRxAAAqhdudjS8AAlTrgAyrOkAACqd983.png,1,
2807,🎃 Candy,https://static-comm.bigolive.tv/as/pgc-live-manage/7h3/M04/28/BB/L_sbAF2pemaIMtdJAACIs8VoTJYAAl9oQMrGS0AAIjL660.png,1,
2810,🎃 Pumpkin,https://static-comm.bigolive.tv/as/pgc-live-manage/7h3/M0D/F6/4A/MPsbAF2perWIXQkEAAClNboHpCwAAlZJgMMB7gAAKVN000.png,500,
2823,テーマパーク,https://static-comm.bigolive.tv/as/pgc-live-manage/7h3/M01/2E/F6/L_sbAF2tioWIJLfDAAArdyz8k14AAmdbQBcvDwAACuP563.png,999,
2827,Record,https://static-comm.bigolive.tv/as/pgc-live-manage/7h3/M08/31/9E/L_sbAF2vDEaIZELXAABHxVC6Y08AAmp4wJDzvYAAEfd486.png,1,
2828,BIGOオーディオ,https://static-comm.bigolive.tv/as/pgc-live-manage/7h2/M09/4B/6E/8PobAF2vDGCIQX9oAAB7j2jjMeAAA4amAKJARIAAHun278.png,100,
2829,BIGO舞台,https://static-comm.bigolive.tv/as/pgc-live-manage/7h3/M0D/31/AC/L_sbAF2vDJCIJ0uVAACqASwLh50AAmqPQJbEk0AAKoZ756.png,999,
2840,属于盈盈,https://static-comm.bigolive.tv/as/pgc-live-manage/7h3/M0B/06/5F/MPsbAF2y_LaIEHvQAAAuUseKVsYAAmgjgDekawAAC5q581.png,1000,
2860,ギフトボックス,https://static-comm.bigolive.tv/as/pgc-live-manage/7h2/M01/2E/35/8vobAF24Ww2IAOqBAAAilxpPfaYAApD8gKsQ5UAACKv349.png,1,
2861,チューリップ,https://static-comm.bigolive.tv/as/pgc-live-manage/7h3/M08/64/FF/LvsbAF24W3eIPGkmAADf7278zVkAA7a3gGof8sAAOAH820.png,100,
2869,🌟Scorpio,https://static-comm.bigolive.tv/as/pgc-live-manage/7h4/M09/61/85/bPsbAF25svSIGVieAAArur0P3HAAA6TyAAOgLsAACvS817.png,1,
2874,🌟Scorpio,https://static-comm.bigolive.tv/as/pgc-live-manage/7h1/M05/97/C6/s_obAF25tMKIRq5tAAArur0P3HAABVytQHvt00AACvS275.png,1,
2880,爱书婉宝宝,https://static-comm.bigolive.tv/as/pgc-live-manage/7h4/M05/4D/86/bfsbAF270HWIZ3GgAAAmuurYV9UAAojfwJPXZYAACbS743.png,300,
2882,Romantic Carriage,https://static-comm.bigolive.tv/as/pgc-live-manage/7h4/M0B/54/F6/bfsbAF2_pK2IDmoeAAC1H2cDHMsAApB9wF2xkMAALU3696.png,99,
2883,Princess Prince,https://static-comm.bigolive.tv/as/pgc-live-manage/7h4/M0C/54/DC/bfsbAF2_pSeIWKCjAAC3pmnrvnUAApBxQM_jYQAALe-305.png,999,
2884,Fantasy Castle,https://static-comm.bigolive.tv/as/pgc-live-manage/7h4/M07/E1/AA/bPsbAF2_pWuIWmeFAACsZvWIngYAA73MgNKAwMAAKx-979.png,1999,
2885,Love Blessing,https://static-comm.bigolive.tv/as/pgc-live-manage/7h3/M09/E8/84/LvsbAF2_pauIOx-mAADKcs2Ha6gAA9MqAMLtAIAAMqK983.png,3999,
2886,Luxury Dinner,https://static-comm.bigolive.tv/as/pgc-live-manage/7h3/M02/1F/63/MPsbAF2_pfCIJn-lAAC82nLQk1QAAn9uACVbmkAALzy001.png,9999,
2895,Queen' s Crown,https://static-comm.bigolive.tv/as/pgc-live-manage/7h3/M04/EE/CB/LvsbAF3CLbGIQ93lAACKek-71yMAA94SgN7mloAAIqS666.png,200,
2905,プルメリア,https://static-comm.bigolive.tv/as/pgc-live-manage/7h4/M09/17/C5/bPsbAF3KWP2ILNjHAACzJYI7UvEAA_VYgM8IxMAALM9298.png,2,
2906,人気GOちゃん,https://static-comm.bigolive.tv/as/pgc-live-manage/7h4/M01/17/D4/bPsbAF3KWfyIfcZqAACEmJSCAw4AA_WPgGW5RsAAISw553.png,100,
2917,咸鱼花腩煲,https://static-comm.bigolive.tv/as/pgc-live-manage/7h6/M06/63/70/6vsbAF5XGouIbPckAAAjrlCLOC0AAPJEgNzP4kAACPG664.png,199,
2921,The Haircut,https://static-comm.bigolive.tv/as/pgc-live-manage/7h1/M09/A5/7F/s_obAF3NQGmIEqqlAAA3NYeLSBsABWlwwIKxzMAADdN840.png,100,
2935,♡ KW ♡,https://static-comm.bigolive.tv/as/pgc-live-manage/7h4/M07/65/1A/bvsbAF3cm_aIHNduAACPduKW3VQAAso3gFaNBwAAI-O071.png,100,
2951,Pink Diamond,https://static-comm.bigolive.tv/as/pgc-live-manage/7h4/M03/4C/2C/bPsbAF3fNZCIZ4KQAAC9a4ESbkkABGYUgLZcP0AAL2D235.png,100,
2956,DINAxGUIU,https://static-comm.bigolive.tv/as/pgc-live-manage/7h3/M0E/62/7F/MPsbAF3gwu-IG04zAAAlMnJiHmEAAr5ZgDKhb8AACVK392.png,999,
2968,Blue Flower,https://static-comm.bigolive.tv/as/pgc-live-manage/7h4/M01/64/EA/bPsbAF3odq2IJ0ByAACZ3tL13KIABJcVgE7hAwAAJn2509.png,1,
2983,Sky Wheel,https://static-comm.bigolive.tv/as/pgc-live-manage/7h1/M02/67/FD/svobAF3uTdyIZSlKAADDu1LUINoABdh8ADbvqcAAMPT945.png,500,
2984,晚星傻瓜😜,https://static-comm.bigolive.tv/as/pgc-live-manage/7h2/M08/B0/5E/8vobAF3x_fOIOO50AACtlWVTFNsAAwmuAOH2ZEAAK2t811.png,100,
2985,Mushroom,https://static-comm.bigolive.tv/as/pgc-live-manage/7h2/M08/C0/E1/8fobAF3295GIcGzAAABzJCpdumcAAvHNQJSnwkAAHM8702.png,1,
2986,💜𝕯𝖆𝖙𝖔ᴹˢᴷ💜,https://static-comm.bigolive.tv/as/pgc-live-manage/7h3/M0B/DE/66/L_sbAF32-U6IFfUNAAAi1B_B14YAAwWbwPYvYkAACLs474.png,100,
2989,XueEr🥰,https://static-comm.bigolive.tv/as/pgc-live-manage/7h4/M03/92/02/bPsbAF32_dSIXtbRAAAmzf4URNoABZoWgMT6DgAACbl728.png,100,
2996,VFAMILY发财喜乐,https://static-comm.bigolive.tv/as/pgc-live-manage/7h4/M00/DD/3F/bfsbAF33CfmIE8gpAAAlOL0oZjsAAwrYQBxN0QAACVQ936.png,100,
3007,Firework,https://static-comm.bigolive.tv/as/pgc-live-manage/7h3/M01/C6/E6/MPsbAF38x5yIG3-sAABGTM8P9g8AAv37gJzcv4AAEZk260.png,50,
3022,Superior Yacht,https://static-comm.bigolive.tv/as/pgc-live-manage/7h3/M06/CC/14/LvsbAF39w2qIIt15AAEgHskmcgkABdmfAF3zcAAASA2033.png,39999,
3067,ラブハート,https://static-comm.bigolive.tv/as/pgc-live-manage/7h3/M07/30/2F/L_sbAF4DE5SIBukTAABViiyoIgoAAyZSwPxrn4AAFWi525.png,1,
3074,Knight Duel,https://static-comm.bigolive.tv/as/pgc-live-manage/7h3/M0D/FA/BD/MPsbAF4FxHaIEBkSAAJ_6-an3IAAAxNtgL3_osAAoAD542.png,999,
3075,DJK💜,https://static-comm.bigolive.tv/as/pgc-live-manage/7h2/M03/48/9D/8vobAF4KvV-IWDt7AABTJH46VVoAA0lrgKS2IIAAFM8126.png,100,
3077,[SVIP] Anka Kuşu,https://static-comm.bigolive.tv/as/pgc-live-manage/7h2/M0A/48/1A/8fobAF4LMEWIGBo1AAA5eEIh45cAAyWvwMNcqwAADmQ109.png,9999,
3085,Bigo Builder,https://static-comm.bigolive.tv/as/pgc-live-manage/7h2/M02/52/6A/8PobAF4P-TyINk3iAABuy4ZJPhYABnxGgM4SFwAAG7j719.png,1,
3099,Butterfly,https://static-comm.bigolive.tv/as/pgc-live-manage/7h3/M09/C6/91/L_sbAF4S6P-IafqzAADl9r4bBRgAA1GpwOGMhEAAOYO157.png,100,
3100,PH Fireworks,https://static-comm.bigolive.tv/as/pgc-live-manage/7h6/M04/14/AC/6vsbAF4j9cqIDFphAAFYM403TWAAAAoPgEKQrwAAVhL609.png,1000,
3102,떡국,https://static-comm.bigolive.tv/as/pgc-live-manage/7h6/M09/12/54/6fsbAF4jtISILPvNAACVomt7augAAAlEwCBvCkAAJW6408.png,1,
3103,Peach Blossom,https://static-comm.bigolive.tv/as/pgc-live-manage/7h6/M0C/12/10/6fsbAF4jtAaIMIehAAB5uKeOd3UAAAkrwMBaQgAAHnQ453.png,10,
3121,Pink Rose,https://static-comm.bigolive.tv/as/pgc-live-manage/7h2/M08/2E/E4/8fobAF4j9dOIRyZfAAApHeVhiykAA2cswDqpGUAACk1115.png,1,
3127,💕LOVE U,https://static-comm.bigolive.tv/as/pgc-live-manage/7h1/M05/43/B7/s_obAF4kCO6IAVLrAAA2DrhBWrgABbEFwIVZtcAADYm622.png,20000,
3153,War Queen,https://static-comm.bigolive.tv/as/pgc-live-manage/7h6/M05/C3/D6/6PsbAF47f3qIIKruAACsQeMMzHwAAeEfgDR1vcAAKxZ208.png,999,
3173,Yacht,https://static-comm.bigolive.tv/as/pgc-live-manage/7h6/M09/E0/E5/6vsbAF5D-oiIAVUyAAAjd-9oV-kAAI8RgCbaVYAACOP882.png,199,
3174,Fly with Love❤️,https://static-comm.bigolive.tv/as/pgc-live-manage/7h5/M0E/35/5A/qvsbAF5D-uiII6yUAAD2paupH8cAAKrRgBHNBcAAPa9791.png,1099,
3175,I love you,https://static-comm.bigolive.tv/as/pgc-live-manage/7h5/M0E/35/5A/qvsbAF5D-yqIafraAAA4R8cDAJUAAKrRgCvp_kAADhf313.png,2099,
3186,Proposal♥ - 5099KC,https://static-comm.bigolive.tv/as/pgc-live-manage/7h5/M0B/3A/AB/qvsbAF5EvR2IAo1yAAApqTksCOcAAL-SAJ6zZMAACnB776.png,5099,
3195,Balloon,https://static-comm.bigolive.tv/as/pgc-live-manage/7h6/M02/14/D3/6PsbAF5GZauIO13LAAAno-nMFNoAAtNcAIvLasAACe7425.png,199,
3198,Rose rain,https://static-comm.bigolive.tv/as/pgc-live-manage/7h5/M0A/3D/6B/q_sbAF5GZq-IQdFiAADUY8n4higAAC-JwFlOWwAANR7872.png,999,
3199,Flower Box,https://static-comm.bigolive.tv/as/pgc-live-manage/7h5/M07/56/BE/q_sbAF5KiYiIGPkAAAAwzBnekYYAAEI9QEpWzcAADDk865.png,999,
3204,Flower Love,https://static-comm.bigolive.tv/as/pgc-live-manage/7h6/M08/0E/E6/6vsbAF5KisCICCXQAAAwzBnekYYAAK5jAHUM10AADDk108.png,999,
3206,Ferrari,https://static-comm.bigolive.tv/as/pgc-live-manage/7h6/M0E/19/31/6fsbAF5Ki-WIf-H5AADK8BPc1CUAALtfwIpGOEAAMsI164.png,3344,
3214,SVIPerman,https://static-comm.bigolive.tv/as/pgc-live-manage/7h6/M0E/0F/14/6vsbAF5Kj76Iev4TAAAvOFaBhaIAAK6DgE_AlEAAC9Q864.png,777,
3231,🌟Pisces,https://static-comm.bigolive.tv/as/pgc-live-manage/7h6/M02/55/BA/6fsbAF5TZ7SIL6Z4AACSJw7q-AwAAO9JwLeDIsAAJI_518.png,1,
3241,甜蜜炸雞,https://static-comm.bigolive.tv/as/pgc-live-manage/7h6/M02/5D/0B/6fsbAF5Uc6uIKHMPAACOzvb2ilMAAPV4QAZrrEAAI7m035.png,100,
3243,mask,https://static-comm.bigolive.tv/as/pgc-live-manage/7h5/M0D/A6/6C/qvsbAF5UfQWIDeYvAAB11fb43HEAAkN9gBfG2wAAHXt162.png,2,
3269,Lucky Dino,https://static-comm.bigolive.tv/as/pgc-live-manage/7h6/M01/A0/AB/6vsbAF5fXQKIJ3dkAAAiiWhbZwMAAR-IADThEoAACKh577.png,10,
3286,Summer,https://static-comm.bigolive.tv/as/pgc-live-manage/7h5/M02/2F/0F/q_sbAF5u48OIOjPAAAAmc55LE78AAPCdQCGDCEAACaL512.png,1299,
3289,妹妹的甜心巧克力,https://static-comm.bigolive.tv/as/pgc-live-manage/7h5/M0A/5E/45/qvsbAF5vIimIEV62AACa799-QmkABZrIgAgSpcAAJsH513.png,599,
3290,JiangLion,https://static-comm.bigolive.tv/as/pgc-live-manage/7h6/M05/59/98/6PsbAF5vQv-IXoE9AACz-5mVg2kAB6qyAFm0KMAALQT500.png,199,
3293,ND CLAN,https://static-comm.bigolive.tv/as/pgc-live-manage/7h5/M09/D5/B7/rPsbAF5wNCiIIQ4nAABRQruqL6cAAW08AOevgwAAFFa193.png,300,
3314,Roar - 599KC,https://static-comm.bigolive.tv/as/pgc-live-manage/7h6/M07/95/E2/6PsbAF55dMaIUWWbAADBbJuXQp0ACBtzAJqSzsAAMGE489.png,599,
3316,First Sight - 999KC,https://static-comm.bigolive.tv/as/pgc-live-manage/7h5/M00/11/DA/rPsbAF55hzOIRAMOAACrcfPEoPcAAbD6gOAcuUAAKuJ911.png,999,
3318,VY ơi Vy,https://static-comm.bigolive.tv/as/pgc-live-manage/7h6/M02/96/5C/6PsbAF55h_KIT4t4AADavBXoB8UACBwVgAnEyUAANrU326.png,3999,
3322,Marry Me - 8999KC,https://static-comm.bigolive.tv/as/pgc-live-manage/7h5/M01/11/FA/rPsbAF55ihmIOjByAAEVgqOkad0AAbEYgHpHNoAARWa686.png,8999,
3355,Flower,https://static-comm.bigolive.tv/as/pgc-live-manage/4h7/1ExbPJ.png,1,
3359,Growing Dino,https://static-comm.bigolive.tv/as/pgc-live-manage/4h5/1BukmC.png,99,
3373,Buy@Home,https://static-comm.bigolive.tv/as/pgc-live-manage/4h5/0O15VB.png,99,
3381,どら焼き,https://static-comm.bigolive.tv/as/pgc-live-manage/4h5/1RxB2Z.png,1,
3385,桜吹雪,https://static-comm.bigolive.tv/as/pgc-live-manage/4h7/1Mze5k.png,999,
3394,Apsara,https://static-comm.bigolive.tv/as/pgc-live-manage/4h6/1BqxLP.png,999,
3396,Sen Đá ❤,https://static-comm.bigolive.tv/as/pgc-live-manage/4h6/0SEYFd.png,2,
3405,香香🎂生日快乐,https://static-comm.bigolive.tv/as/pgc-live-manage/4h5/20arug.png,100,
3429,My Crush,https://static-comm.bigolive.tv/as/pgc-live-manage/4h6/1ZgbpX.png,100,
3450,Ramadan Lantern,https://static-comm.bigolive.tv/as/pgc-live-manage/3s3/0kcRkM.png,1,
3451,Mace,https://static-comm.bigolive.tv/as/pgc-live-manage/4h7/0IdCK2.png,1,
3459,Love Carriage,https://static-comm.bigolive.tv/as/pgc-live-manage/4h6/2DuCE1.png,29999,
3475,Wonderful Moment,https://static-comm.bigolive.tv/as/pgc-live-manage/4h7/1IZE3a.png,100,
3490,perla,https://static-comm.bigolive.tv/as/pgc-live-manage/4h6/1J9dPF.png,100,
3491,NEMESIS,https://static-comm.bigolive.tv/as/pgc-live-manage/4h5/1HfOxa.png,999,
3492,PIANOFORTE,https://static-comm.bigolive.tv/as/pgc-live-manage/4h5/0JYYi2.png,1000,
3504,Eid Balloon,https://static-comm.bigolive.tv/as/pgc-live-manage/4h7/1NF5RW.png,1,
3505,Blessing sheep,https://static-comm.bigolive.tv/as/pgc-live-manage/4h7/1ME4oz.png,99,
3511,Golden Castle,https://static-comm.bigolive.tv/as/pgc-live-manage/4h6/29RJ80.png,100,
3532,パーティーGO,https://static-comm.bigolive.tv/as/pgc-live-manage/4h6/0QoEUy.png,999,
3534,soirée,https://static-comm.bigolive.tv/as/pgc-live-manage/4h7/0VtoiB.png,100,
3547,エナジー戦士,https://static-comm.bigolive.tv/as/pgc-live-manage/4h5/1RZAWw.png,999,
3556,💎1 Discount,https://static-comm.bigolive.tv/as/pgc-live-manage/4h2/M01/CB/F5/CBIRAF7-o0aIFGR5AAAtGnfHHcIAAUUrQB_1wkAAC0y877.png,1,
3563,💜MSanK💜,https://static-comm.bigolive.tv/as/pgc-live-manage/4h7/1Nuw7P.png,100,
3569,Angels,https://static-comm.bigolive.tv/as/pgc-live-manage/4h7/0bpcjS.png,2888,
3573,Sweet kiss,https://static-comm.bigolive.tv/as/pgc-live-manage/4h5/0ak7ZG.png,1,
3574,Crystal ball,https://static-comm.bigolive.tv/as/pgc-live-manage/4h6/1CwX27.png,100,
3576,Kabe-Don,https://static-comm.bigolive.tv/as/pgc-live-manage/4h7/1kJp1j.png,999,
3592,🎮Console,https://static-comm.bigolive.tv/as/pgc-live-manage/4h5/0mSIST.png,1,
3593,爱贝儿,https://static-comm.bigolive.tv/as/pgc-live-manage/4h7/1mvmY9.png,100,
3597,🎮Clip Doll,https://static-comm.bigolive.tv/as/pgc-live-manage/4h7/2Wwtsq.png,5000,
3616,Happy Birthday,https://static-comm.bigolive.tv/as/pgc-live-manage/4h5/1hW384.png,1,
3617,Happy Birthday,https://static-comm.bigolive.tv/as/pgc-live-manage/4h3/M08/2C/BC/RhIRAF75q2WILawLAAC7VqBEiisAASbyACEwCUAALtu691.png,199,
3618,Happy Anniversary,https://static-comm.bigolive.tv/as/pgc-live-manage/4h2/M0B/65/C4/ChIRAF75q7GIHFJtAACeUCslHZcAATu5AGOJgIAAJ5o602.png,1,
3619,Happy Anniversary,https://static-comm.bigolive.tv/as/pgc-live-manage/4h7/1XeyVR.png,199,
3620,Happy Fans Party,https://static-comm.bigolive.tv/as/pgc-live-manage/4h4/M08/0D/D5/hhIRAF75rCeIClQ6AAB3RQr-hVQAASbYQHq7JMAAHdd214.png,1,
3621,Happy Fans Party,https://static-comm.bigolive.tv/as/pgc-live-manage/4h2/M07/65/C9/ChIRAF75rICIIFhqAADKTu9AV68AATu5gE5awAAAMpm977.png,199,
3634,*Puzzles,https://static-comm.bigolive.tv/as/pgc-live-manage/4h3/M00/8C/2A/RhIRAF7_Io2IU0FFAAAdrRBTozcAATG0gHajsgAAB3F386.png,10,
3635,*Card gun,https://static-comm.bigolive.tv/as/pgc-live-manage/4h4/M0A/6E/35/hRIRAF7_IreIX6BJAAAcejVSLv8AATGbAPiUuYAAByS596.png,100,
3643,BIGO 💗 CO,https://static-comm.bigolive.tv/as/pgc-live-manage/4h2/M08/D5/72/CRIRAF7_KruIR5ELAAB4XeVJ4jkAAUaRAHTrwkAAHh1025.png,1,
3644,BIGO 💗 PE,https://static-comm.bigolive.tv/as/pgc-live-manage/4h4/M00/6E/B6/hRIRAF7_KwiIenq6AAB262yXpLUAATGyQOHwlYAAHcD941.png,1,
3647,Love,https://static-comm.bigolive.tv/as/pgc-live-manage/4h3/M04/8D/46/SBIRAF7_L7qIHwt6AAAtFCy4O58AATHcQLZVKwAAC0s876.png,999,
3649,*Card machine,https://static-comm.bigolive.tv/as/pgc-live-manage/4h5/1VnagM.png,300,
3652,Bravo,https://static-comm.bigolive.tv/as/pgc-live-manage/4h6/2hY8FH.png,1999,
3653,Dolce Amore,https://static-comm.bigolive.tv/as/pgc-live-manage/4h4/M0A/84/F5/hRIRAF8AbDCIMs9GAAAwmH54Fw8AATSSgCQuZsAADCw710.png,2999,
3654,Lion King,https://static-comm.bigolive.tv/as/pgc-live-manage/4h3/M07/A3/13/SBIRAF8AbGqIHwNGAAA6NDndzdAAATStwHA-dQAADpM076.png,5999,
3667,gesto,https://static-comm.bigolive.tv/as/pgc-live-manage/4h7/1QI0gJ.png,3,
3677,Red Carpet,https://static-comm.bigolive.tv/as/pgc-live-manage/4h4/M0B/6A/1C/hhIRAF8NMkqIW3-9AACex8mKYQIAAU_SgKilxkAAJ7f088.png,1000,
3684,🎮Magic Ball,https://static-comm.bigolive.tv/as/pgc-live-manage/4h3/M0E/D3/B3/SBIRAF8ROwuIWCMmAAApqhDNsYIAAVoegKQWDkAACnC752.png,10,
3693,Road To Glory,https://static-comm.bigolive.tv/as/pgc-live-manage/4h7/1UV63K.png,1000,
3705,小也宝宝💕,https://static-comm.bigolive.tv/as/pgc-live-manage/4h4/M09/47/88/hRIRAF8YVeGIJTLaAADGh2PpujkAAW6kwFvUDwAAMaf010.png,100,
3730,Kei 🫶🏻,https://static-comm.bigolive.tv/as/pgc-live-manage/4h2/M0D/98/DB/CBIRAF8j9iGIdX9jAAELI89MQwsAAZ55AL_JZ8AAQs7040.png,5000,
3732,Crystal ball,https://static-comm.bigolive.tv/as/pgc-live-manage/4h5/0QqXPQ.png,100,
3746,小美生日快乐,https://static-comm.bigolive.tv/as/pgc-live-manage/4h6/1iBIg5.png,100,
3755,Flaming eagle,https://static-comm.bigolive.tv/as/pgc-live-manage/4h8/04MsZ8.png,2999,
3757,SVIP sword,https://static-comm.bigolive.tv/as/pgc-live-manage/4h3/M08/0F/46/RxIRAF8qAAKIKUvdAADVDs9DIUYAAZlAwGl6zwAANUm749.png,999,
3762,Loving Castle,https://static-comm.bigolive.tv/as/pgc-live-manage/4h7/0gsdje.png,25000,
3764,Balloon,https://static-comm.bigolive.tv/as/pgc-live-manage/4h2/M0E/7A/40/ChIRAF8qBdeIRafMAADz2VoHUpoAAa4SgNTCmUAAPPx005.png,5999,
3790,Radiant Peacock,https://static-comm.bigolive.tv/as/pgc-live-manage/4h5/28l5ba.png,2500,
3792,Burning Angel,https://static-comm.bigolive.tv/as/pgc-live-manage/4h5/20arug.png,100,
3796,Millionaire,https://static-comm.bigolive.tv/as/pgc-live-manage/4h2/M05/E9/41/CBIRAF8ztvyIBmWtAACoJ5khOF8AAcYhgBbReoAAKg_244.png,1000,
3803,Guinness,https://static-comm.bigolive.tv/as/pgc-live-manage/4h3/M0B/F5/F3/RhIRAF80weiIKCYXAACJsA56tE4AAbQPgFB_NcAAInI277.png,1,
3806,Fly With Sasha,https://static-comm.bigolive.tv/as/pgc-live-manage/4h5/20arug.png,100,
3813,Andyboy,https://static-comm.bigolive.tv/as/pgc-live-manage/4h4/M0D/73/78/hBIRAF87Pa6IcIw8AAAy6Xze0moAAc9tQL6QSYAADMB320.png,999,
3824,拾月Oct.15_,https://static-comm.bigolive.tv/as/pgc-live-manage/3s1/25XSEQ.png,388,
3836,Football,https://static-comm.bigolive.tv/as/pgc-live-manage/3s2/14qEUD.png,1,
3837,BIGO Trophy,https://static-comm.bigolive.tv/as/pgc-live-manage/3s2/0MZP4S.png,100,
3838,Sushi Ddy 🍣🇸🇬,https://static-comm.bigolive.tv/as/pgc-live-manage/3s1/0XWBkr.png,999,
3857,BARYJON,https://static-comm.bigolive.tv/as/pgc-live-manage/g1/M07/0A/BE/iwVsDlq5wuuITlRYAAC6ZrMf-fYAAQxVwGwsScAALp-383.png,1,
3860,Elf,https://static-comm.bigolive.tv/as/pgc-live-manage/3s1/08wBGE.png,1,
3861,Naughty Elf,https://static-comm.bigolive.tv/as/pgc-live-manage/3s2/26oC6P.png,100,
3862,Elf Blind Box,https://static-comm.bigolive.tv/as/pgc-live-manage/3s2/0xHQeg.png,1000,
3867,KH Flag,https://static-comm.bigolive.tv/as/pgc-live-manage/3s1/25221y.png,1,
3869,Romdoul,https://static-comm.bigolive.tv/as/pgc-live-manage/3s1/04jNRO.png,2,
3870,Flaming Phoenix,https://static-comm.bigolive.tv/as/pgc-live-manage/3s1/2PMy5G.png,8999,
3902,Dinosaur,https://static-comm.bigolive.tv/as/pgc-live-manage/7h3/M0B/DE/66/L_sbAF32-U6IFfUNAAAi1B_B14YAAwWbwPYvYkAACLs474.png,100,
3903,해피추석,https://static-comm.bigolive.tv/as/pgc-live-manage/3s1/276XT0.png,999,
3904,비고스타,https://static-comm.bigolive.tv/as/pgc-live-manage/3s2/2Eclgk.png,99,
3914,Annual Glory 2020,https://static-comm.bigolive.tv/as/pgc-live-manage/3s2/1FNdpF.png,1,
3916,King's Glory,https://static-comm.bigolive.tv/as/pgc-live-manage/3s1/0APtkz.png,1000,
3917,KINGの王冠,https://static-comm.bigolive.tv/as/pgc-live-manage/3s2/1MGHkx.png,1,
3918,王冠GOちゃん,https://static-comm.bigolive.tv/as/pgc-live-manage/3s2/1cWY0f.png,100,
3919,BIGO KING,https://static-comm.bigolive.tv/as/pgc-live-manage/3s2/0TU6hq.png,999,
3920,QUEENの王冠,https://static-comm.bigolive.tv/as/pgc-live-manage/3s1/2BXaWz.png,1,
3921,王冠BIちゃん,https://static-comm.bigolive.tv/as/pgc-live-manage/3s2/0efUYH.png,100,
3931,BIGO QUEEN,https://static-comm.bigolive.tv/as/pgc-live-manage/3s2/0ArOph.png,999,
3945,Magic Rose,https://static-comm.bigolive.tv/as/pgc-live-manage/3s2/2TMM3G.png,1,
3948,Blastoff,https://static-comm.bigolive.tv/as/pgc-live-manage/3s2/093iQI.png,999,
3950,Magic bottle,https://static-comm.bigolive.tv/as/pgc-live-manage/3s2/1LNRiM.png,1,
3952,Witch,https://static-comm.bigolive.tv/as/pgc-live-manage/3s2/2Yh5d4.png,100,
3953,King of Legend,https://static-comm.bigolive.tv/as/pgc-live-manage/3s2/2EP6mC.png,19999,
3954,Gala Dragon,https://static-comm.bigolive.tv/as/pgc-live-manage/3s2/16AOrg.png,9999,
3958,Magic flower,https://static-comm.bigolive.tv/as/pgc-live-manage/3s2/1jdiiH.png,1000,
3960,Magic Dragon,https://static-comm.bigolive.tv/as/pgc-live-manage/3s2/2knwAT.png,5000,
3964,Love,https://static-comm.bigolive.tv/as/pgc-live-manage/3s2/2PFjr3.png,1,
3975,Baciami,https://static-comm.bigolive.tv/as/pgc-live-manage/3s2/1GxvQJ.png,500,
3981,Love Cupid,https://static-comm.bigolive.tv/as/pgc-live-manage/3s2/1V4msB.png,99,
3983,Love On BIGO,https://static-comm.bigolive.tv/as/pgc-live-manage/3s2/0MO8bt.png,999,
3997,Calcio,https://static-comm.bigolive.tv/as/pgc-live-manage/3s2/2Kak9t.png,1,
4004,Miss Nurul,https://static-comm.bigolive.tv/as/pgc-live-manage/3s1/0AQh8y.png,100,
4010,招き猫,https://static-comm.bigolive.tv/as/pgc-live-manage/3s2/0OAJJy.png,50,
4012,菠蘿油,https://static-comm.bigolive.tv/as/pgc-live-manage/3s1/0fGNIH.png,1,
4017,Türk Bayrağı,https://static-comm.bigolive.tv/as/pgc-live-manage/3s1/2FzkNi.png,1,
4019,可爱兔子,https://static-comm.bigolive.tv/as/pgc-live-manage/3s2/0We7Ik.png,299,
4020,游乐园,https://static-comm.bigolive.tv/as/pgc-live-manage/3s2/0PX2bV.jpg,299,
4021,度假富豪,https://static-comm.bigolive.tv/as/pgc-live-manage/3s2/0o3Toj.png,699,
4023,赛车手,https://static-comm.bigolive.tv/as/pgc-live-manage/3s2/0TiCEE.png,1299,
4024,超级跑车,https://static-comm.bigolive.tv/as/pgc-live-manage/3s1/2KA9jM.jpg,699,
4025,高贵绅士,https://static-comm.bigolive.tv/as/pgc-live-manage/3s2/0PeAI7.png,1699,
4026,金色殿堂,https://static-comm.bigolive.tv/as/pgc-live-manage/3s2/0dsPfN.jpg,1699,
4027,海上游艇,https://static-comm.bigolive.tv/as/pgc-live-manage/3s1/2RIR7N.jpg,1299,
4073,🌟Wishing bottle,https://static-comm.bigolive.tv/as/pgc-live-manage/3s1/2KlAFC.png,1,
4076,🌟Lucky Tree,https://static-comm.bigolive.tv/as/pgc-live-manage/3s1/2kB2Bv.png,100,
4077,🌟Blessing,https://static-comm.bigolive.tv/as/pgc-live-manage/3s2/0byMT8.png,1000,
4078,Athena,https://static-comm.bigolive.tv/as/pgc-live-manage/3s1/2Sts8w.png,5000,
4103,咸鱼烤鸡店,https://static-comm.bigolive.tv/as/pgc-live-manage/3s2/0qERAZ.png,100,
4110,Rich man399钻,https://static-comm.bigolive.tv/as/pgc-live-manage/3s2/0fEZxP.png,399,
4111,Sea yacht599钻,https://static-comm.bigolive.tv/as/pgc-live-manage/3s2/0wV9Kq.jpg,599,
4112,Cool racer599钻,https://static-comm.bigolive.tv/as/pgc-live-manage/3s2/2vZoc9.png,599,
4113,Supercar399钻,https://static-comm.bigolive.tv/as/pgc-live-manage/3s2/1Z5EpA.jpg,399,
4114,Noble gentleman899钻,https://static-comm.bigolive.tv/as/pgc-live-manage/3s2/02AVTv.png,899,
4115,Luxury villas899钻,https://static-comm.bigolive.tv/as/pgc-live-manage/3s2/2V9Si0.jpg,899,
4125,god of the god,https://static-comm.bigolive.tv/as/pgc-live-manage/3s2/0BRxVr.png,9999,
4129,Love in Bagan ♥,https://static-comm.bigolive.tv/as/pgc-live-manage/3s2/0pEyxk.png,6999,
4132,Thanakhar ♥,https://static-comm.bigolive.tv/as/pgc-live-manage/3s2/0qF7pR.png,299,
4133,Myanmar ♥,https://static-comm.bigolive.tv/as/pgc-live-manage/3s2/0qGKi3.png,99,
4139,Pataukpann Rain ♥,https://static-comm.bigolive.tv/as/pgc-live-manage/3s2/0CbRE5.png,1099,
4145,Pride heart,https://static-comm.bigolive.tv/as/pgc-live-manage/3s1/0TBaAo.png,5,
4155,Pinky Rose,https://static-comm.bigolive.tv/as/pgc-live-manage/3s2/2eZm8b.png,1,
4187,Horse racer,https://static-comm.bigolive.tv/as/pgc-live-manage/3s1/0aDVuE.png,399,
4188,Racecourse,https://static-comm.bigolive.tv/as/pgc-live-manage/3s2/0jDZCs.jpg,399,
4189,Angel,https://static-comm.bigolive.tv/as/pgc-live-manage/3s2/1vlWj4.png,699,
4190,Trevi Fountain,https://static-comm.bigolive.tv/as/pgc-live-manage/3s2/2g3kRO.jpg,699,
4193,🌹🌹🌹my love rose🌹🌹🌹,https://static-comm.bigolive.tv/as/pgc-live-manage/3s1/01OF0T.png,100,
4195,Snowman,https://static-comm.bigolive.tv/as/pgc-live-manage/3s1/2eRNFw.png,99,
4196,Christmas tree,https://static-comm.bigolive.tv/as/pgc-live-manage/3s2/1l3bSF.png,299,
4197,Elk,https://static-comm.bigolive.tv/as/pgc-live-manage/3s2/2146mq.png,399,
4198,Christmas,https://static-comm.bigolive.tv/as/pgc-live-manage/3s2/2knquD.jpg,299,
4199,Aurora in snow,https://static-comm.bigolive.tv/as/pgc-live-manage/3s1/1Zhc4k.jpg,399,
4213,Star of Gala,https://static-comm.bigolive.tv/as/pgc-live-manage/3s1/2eFlYc.png,1,
4216,Dino,https://static-comm.bigolive.tv/as/pgc-live-manage/3s1/0q6QVl.png,100,
4218,ラッキードッグ,https://static-comm.bigolive.tv/as/pgc-live-manage/3s1/2ZA0aC.png,50,
4224,New year,https://static-comm.bigolive.tv/as/pgc-live-manage/3s2/2p6yy1.jpg,199,
4225,Love u,https://static-comm.bigolive.tv/as/pgc-live-manage/3s1/0mlzzp.png,1,
4227,Confession Rocket,https://static-comm.bigolive.tv/as/pgc-live-manage/3s1/2fXnGo.png,999,
4234,🌟Aquarius,https://static-comm.bigolive.tv/as/pgc-live-manage/3s2/23MWjZ.png,1,
4235,2021 New Year,https://static-comm.bigolive.tv/as/pgc-live-manage/3s1/0kTgeK.png,99,
4236,🌟Capricorn,https://static-comm.bigolive.tv/as/pgc-live-manage/3s2/2rZKFP.png,1,
4239,Shining Eyes,https://static-comm.bigolive.tv/as/pgc-live-manage/3s1/0iPrOy.png,500,
4241,Nitro,https://static-comm.bigolive.tv/as/pgc-live-manage/3s1/0oUMKE.png,100,
4258,Blue Rose,https://static-comm.bigolive.tv/as/pgc-live-manage/3s2/1pthzb.png,1,
4267,Eternal rose,https://static-comm.bigolive.tv/as/pgc-live-manage/3s1/0nmfvh.png,1,
4274,Luxury gift,https://static-comm.bigolive.tv/as/pgc-live-manage/3s1/0HH4SH.png,500,
4277,Pay the bill,https://static-comm.bigolive.tv/as/pgc-live-manage/3s2/22UoTR.png,10000,
4317,Adventurer,https://static-comm.bigolive.tv/as/pgc-live-manage/3s2/04IbceD.png,199,
4318,Forest,https://static-comm.bigolive.tv/as/pgc-live-manage/3s1/2qI198.png,199,
4322,Dragon Descends,https://static-comm.bigolive.tv/as/pgc-live-manage/3s4/0I2G1E.png,5000,
4326,firework stick,https://static-comm.bigolive.tv/as/pgc-live-manage/4h8/02XfW0.png,1,
4349,Glory rose,https://static-comm.bigolive.tv/as/pgc-live-manage/3s1/1zAqgN.png,1,
4354,Whisky Coca,https://static-comm.bigolive.tv/as/pgc-live-manage/3s1/2jIPKI.png,5,
4357,<2> بلاشكو,https://static-comm.bigolive.tv/as/pgc-live-manage/3s4/0G0EWb.png,10000,
4364,♠️ Badͥรhͣaͫh♠️⚔,https://static-comm.bigolive.tv/as/pgc-live-manage/3s3/080IHk.png,1000,
4400,Painter,https://static-comm.bigolive.tv/as/pgc-live-manage/3s3/0OL4Ae.png,189,
4403,Painting room,https://static-comm.bigolive.tv/as/pgc-live-manage/3s3/09GWH2.jpg,189,
4411,Sweetheart,https://static-comm.bigolive.tv/as/pgc-live-manage/3s3/1YZwre.png,99,
4418,Empower,https://static-comm.bigolive.tv/as/pgc-live-manage/3s3/0Lu6Vd.png,1,
4423,DJK❤️,https://static-comm.bigolive.tv/as/pgc-live-manage/3s1/09EmFmA.png,100,
4438,Merry-go-round,https://static-comm.bigolive.tv/as/pgc-live-manage/3s3/2hsMGv.png,999,
4443,Chocolate Bar,https://static-comm.bigolive.tv/as/pgc-live-manage/3s3/1pFF0v.png,1,
4467,烟雾弹,https://static-comm.bigolive.tv/as/pgc-live-manage/3s3/2sRM1r.png,1999,
4468,透视镜,https://static-comm.bigolive.tv/as/pgc-live-manage/3s3/1Qys0s.png,1200,
4494,クロミGOちゃん背景图,https://static-comm.bigolive.tv/as/pgc-live-manage/3s3/2SYySO.jpg,1,
4495,クロミGOちゃん衣服,https://static-comm.bigolive.tv/as/pgc-live-manage/3s3/1iBmdQ.png,1,
4496,マイメロディ背景,https://static-comm.bigolive.tv/as/pgc-live-manage/3s3/1hAnrK.jpg,1,
4497,マイメロディ衣服,https://static-comm.bigolive.tv/as/pgc-live-manage/3s3/1sL2hB.png,1,
4498,Club,https://static-comm.bigolive.tv/as/pgc-live-manage/3s3/0wV93H.png,119,
4499,Police Detective,https://static-comm.bigolive.tv/as/pgc-live-manage/3s3/1xRQTe.png,169,
4500,Ranger,https://static-comm.bigolive.tv/as/pgc-live-manage/3s3/0KtZmg.png,129,
4511,Jewelry,https://static-comm.bigolive.tv/as/pgc-live-manage/3s3/1qgVOF.png,1,
4531,Flying Knight,https://static-comm.bigolive.tv/as/pgc-live-manage/3s3/2R1wbI.png,20,
4550,Dragon War,https://static-comm.bigolive.tv/as/pgc-live-manage/3s1/1oG1ei.png,10000,
4574,Ramadan,https://static-comm.bigolive.tv/as/pgc-live-manage/3s3/28EILr.png,1,
4576,Happy Ramadan,https://static-comm.bigolive.tv/as/pgc-live-manage/3s3/1wuzP2.png,500,
4577,Happy Ramadan,https://static-comm.bigolive.tv/as/pgc-live-manage/3s3/2x4eMS.png,500,
4606,MJ DRAGON,https://static-comm.bigolive.tv/as/pgc-live-manage/3s3/15546GK.png,99,
4611,蟑螂,https://static-comm.bigolive.tv/as/pgc-live-manage/3s3/112jJlO.png,1999,
4642,شنتر حفانا,https://static-comm.bigolive.tv/as/pgc-live-manage/3s3/129svFt.png,2000,
4655,Stage,https://static-comm.bigolive.tv/as/pgc-live-manage/3s1/26Rdv3.png,119,
4656,Rock Star,https://static-comm.bigolive.tv/as/pgc-live-manage/3s3/01uUl3.png,139,
4657,King of Rock,https://static-comm.bigolive.tv/as/pgc-live-manage/3s3/15FXbPK.png,249,
4682,Love Bears,https://static-comm.bigolive.tv/as/pgc-live-manage/3s4/145eSK.webp,1,
4718,🩵 华 伤 🩷,https://static-comm.bigolive.tv/as/pgc-live-manage/3s4/1c6C9S.png,10000,
4721,Experience gift,https://static-comm.bigolive.tv/as/pgc-live-manage/3s4/2G9sHN.png,5,
4729,Banana Style,https://static-comm.bigolive.tv/as/pgc-live-manage/3s1/1CjYZq.png,1000,
4731,Blessing of love,https://static-comm.bigolive.tv/as/pgc-live-manage/3s4/09io1Q.png,1,
4740,قاتل قلوب,https://static-comm.bigolive.tv/as/pgc-live-manage/3s4/2zBdP6.png,10000,
4754,Aquarium,https://static-comm.bigolive.tv/as/pgc-live-manage/3s4/25wYrh.jpg,129,
4755,Blue diver,https://static-comm.bigolive.tv/as/pgc-live-manage/3s4/0yOUAU.png,189,
4756,Yellow diver,https://static-comm.bigolive.tv/as/pgc-live-manage/3s4/28z1Cu.png,119,
4783,Celebration,https://static-comm.bigolive.tv/as/pgc-live-manage/3s4/0BgtC1.png,199,
4785,Music Box,https://static-comm.bigolive.tv/as/pgc-live-manage/3s4/1XXN8v.png,5999,
4820,Kiss Me Diva,https://static-comm.bigolive.tv/as/pgc-live-manage/3s1/2rqXZg.png,500,
4831,Basketball court,https://static-comm.bigolive.tv/as/pgc-live-manage/3s4/2iNqbf.png,89,
4832,Handsome boy,https://static-comm.bigolive.tv/as/pgc-live-manage/3s1/222568.png,129,
4838,وردة العشق,https://static-comm.bigolive.tv/as/pgc-live-manage/3s4/08ee5g.png,1,
4839,正港男子漢,https://static-comm.bigolive.tv/as/pgc-live-manage/3s1/0Rdutf9.png,1,
4840,The Taylor,https://static-comm.bigolive.tv/as/pgc-live-manage/3s4/0Gv93h.png,9999,
4844,💖Confession balloon,https://static-comm.bigolive.tv/as/pgc-live-manage/3s4/2e8b2X.png,100,
4895,Durian,https://static-comm.bigolive.tv/as/pgc-live-manage/3s4/0MyYmb.png,500,
4905,Archangels,https://static-comm.bigolive.tv/as/pgc-live-manage/3s1/13GJgp.png,100,
4909,MissG,https://static-comm.bigolive.tv/as/pgc-live-manage/3s4/0ZDofx.png,100,
4914,💓Support you,https://static-comm.bigolive.tv/as/pgc-live-manage/3s4/2oaMrf.png,100,
4926,Party Drink,https://static-comm.bigolive.tv/as/pgc-live-manage/3s4/0QHmQi.png,1,
4935,🌟Leo Necklace,https://static-comm.bigolive.tv/as/pgc-live-manage/3s4/1Nvrh2.png,100,
4958,Flying Gift黃金盲盒,https://static-comm.bigolive.tv/as/pgc-live-manage/3s4/1H3qZB.png,500,
4975,Dolphin,https://static-comm.bigolive.tv/as/pgc-live-manage/3s4/2MTDGm.png,1000,
4982,auction rabbit,https://static-comm.bigolive.tv/as/pgc-live-manage/3s3/0ZD5hc.png,100,
4987,BigWin Ghost,https://static-comm.bigolive.tv/as/pgc-live-manage/7h3/M01/3A/46/L_sbAF2zADGIKTEHAAAcLksBFZ8AAnKTwK6fcMAABxG255.png,500,
4991,Bigo Helicopter,https://static-comm.bigolive.tv/as/pgc-live-manage/3s4/0PHOc0.png,100,
5018,Lady Umbrella,https://static-comm.bigolive.tv/as/pgc-live-manage/3s4/2p5o2v.png,199,
5029,🔥Sword,https://static-comm.bigolive.tv/as/pgc-live-manage/3s4/0Tjt3t.png,100,
5040,Dragon Girl,https://static-comm.bigolive.tv/as/pgc-live-manage/3s4/2q8ttv.png,10000,
5052,ラッキーエッグ,https://static-comm.bigolive.tv/as/pgc-live-manage/4h5/0PuCTB.png,100,
5065,💓Loving Cloud,https://static-comm.bigolive.tv/as/pgc-live-manage/3s4/2x9FvT.png,100,
5073,💧Beast potion,https://static-comm.bigolive.tv/as/pgc-live-manage/3s4/0vDZT9.png,1,
5074,💧Sword,https://static-comm.bigolive.tv/as/pgc-live-manage/3s4/0YqCkz.png,100,
5091,🌟Virgo Necklace,https://static-comm.bigolive.tv/as/pgc-live-manage/3s4/0lvArx.png,100,
5108,Universe traveller,https://static-comm.bigolive.tv/as/pgc-live-manage/3s4/2pFjrq.png,5000,
5109,Interstellar Trip,https://static-comm.bigolive.tv/as/pgc-live-manage/3s4/0aOqWJ.png,10000,
5148,Käsewurst,https://static-comm.bigolive.tv/as/pgc-live-manage/3s4/25dR2H.png,10,
5153,💖Heart,https://static-comm.bigolive.tv/as/pgc-live-manage/3s4/0g2Gyt.png,1,
5163,Gold Treasure,https://static-comm.bigolive.tv/as/pgc-live-manage/3s4/289OOQ.png,999,
5173,🌟Libra Necklace,https://static-comm.bigolive.tv/as/pgc-live-manage/3s4/0u1BXB.png,100,
5185,財富自由,https://static-comm.bigolive.tv/as/pgc-live-manage/3s4/2fWkKy.png,1,
5239,Shield,https://static-comm.bigolive.tv/as/pgc-live-manage/3s4/0MYfsf.png,999,
5286,3399俱乐部,https://static-comm.bigolive.tv/as/pgc-live-manage/3s2/268P2V2.png,999,
5289,Pumkin car,https://static-comm.bigolive.tv/as/pgc-live-manage/3s2/1oHWyg.png,100,
5291,Halloween witch,https://static-comm.bigolive.tv/as/pgc-live-manage/3s2/29Bls3w.png,3000,
5293,Magic cat,https://static-comm.bigolive.tv/as/pgc-live-manage/3s2/2LN5wp4.png,1000,
5300,EBEDİ,https://static-comm.bigolive.tv/as/pgc-live-manage/3s3/0x3Hi7.png,30,
5301,Little Monster,https://static-comm.bigolive.tv/as/pgc-live-manage/3s3/11Ew1ay.png,999,
5303,Pumpkin Candy,https://static-comm.bigolive.tv/as/pgc-live-manage/3s3/2yyXvh.png,1,
5310,🌟Scorpius Necklace,https://static-comm.bigolive.tv/as/pgc-live-manage/3s3/2rzn6U.png,100,
5313,Dino Game,https://static-comm.bigolive.tv/as/pgc-live-manage/3s3/11GD8fO.png,100,
5317,💓Gem ring,https://static-comm.bigolive.tv/as/pgc-live-manage/3s3/0qa8BI.png,1,
5355,Duck Box,https://static-comm.bigolive.tv/as/pgc-live-manage/4hd/0mJL3Q.png,1,
5358,Goggles Duck,https://static-comm.bigolive.tv/as/pgc-live-manage/3s2/216xbKO.png,1,
5359,Swimming Duck,https://static-comm.bigolive.tv/as/pgc-live-manage/3s2/1yESQ0.png,2,
5360,Flying Duck,https://static-comm.bigolive.tv/as/pgc-live-manage/3s2/1r7LUI.png,2,
5364,ぴえんGOちゃん,https://static-comm.bigolive.tv/as/pgc-live-manage/3s3/0z1Umh.png,100,
5368,Turkey,https://static-comm.bigolive.tv/as/pgc-live-manage/3s3/11Ixaam.png,1,
5372,Hot Blind Box,https://static-comm.bigolive.tv/as/pgc-live-manage/3s2/17C7Mk.png,10,
5386,叮叮車遊香港,https://static-comm.bigolive.tv/as/pgc-live-manage/3s2/04RGIIb.png,999,
5470,GALA Crown 2022,https://static-comm.bigolive.tv/as/pgc-live-manage/3s4/1i1dUm.png,50,
5483,Thế Giới Song Song,https://static-comm.bigolive.tv/as/pgc-live-manage/3s4/2hNBf6.png,999,
5494,GALA Dino Suit,https://static-comm.bigolive.tv/as/pgc-live-manage/3s4/2ro4pn.png,999,
5495,GALA Dino Suit,https://static-comm.bigolive.tv/as/pgc-live-manage/3s4/2ro4pn.png,999,
5498,Gold microphone,https://static-comm.bigolive.tv/as/pgc-live-manage/3s4/2JJxB5.png,99,
5505,マリトッツォGO,https://static-comm.bigolive.tv/as/pgc-live-manage/3s3/1uFFgp6.PNG,199,
5506,推しBIちゃん,https://static-comm.bigolive.tv/as/pgc-live-manage/3s4/1FccFH.png,100,
5509,Laser Gun,https://static-comm.bigolive.tv/as/pgc-live-manage/4h9/28hkCY.png,1,
5510,Graffiti Jar,https://static-comm.bigolive.tv/as/pgc-live-manage/4h9/07h8iE.png,100,
5511,Moto,https://static-comm.bigolive.tv/as/pgc-live-manage/4ha/0HQi3Z.png,1000,
5512,Strongest Hero,https://static-comm.bigolive.tv/as/pgc-live-manage/4h8/0XgMxr.png,5000,
5513,Hero Night,https://static-comm.bigolive.tv/as/pgc-live-manage/4h2/0KAY61.png,10000,
5547,Setting firecrackers,https://static-comm.bigolive.tv/as/pgc-live-manage/4h9/19AsQk.png,100,
5556,Collection,https://static-comm.bigolive.tv/as/pgc-live-manage/3s3/1oIFlY.png,10,
5570,椰椰与野兽🥥,https://static-comm.bigolive.tv/as/pgc-live-manage/4ha/0B0zLp.png,5000,
5571,Mia Comel,https://static-comm.bigolive.tv/as/pgc-live-manage/4h9/16N4s2.png,999,
5573,只为玥着迷,https://static-comm.bigolive.tv/as/pgc-live-manage/4h4/2JbGhM.png,999,
5574,Beautyfull Lala,https://static-comm.bigolive.tv/as/pgc-live-manage/4h8/21EcVm.png,100,
5601,Cash Cow,https://static-comm.bigolive.tv/as/pgc-live-manage/4h2/2C2y00.png,2999,
5635,Skiing Panda ⛷,https://static-comm.bigolive.tv/as/pgc-live-manage/4h3/2MJMci.png,100,
5637,Disco,https://static-comm.bigolive.tv/as/pgc-live-manage/4h7/2KMPki.png,199,
5646,Magic Heart❤️,https://static-comm.bigolive.tv/as/pgc-live-manage/4h3/1ddWqL.png,100,
5659,💖Finger heart,https://static-comm.bigolive.tv/as/pgc-live-manage/4h1/1IT45K.png,1,
5705,きびだんご,https://static-comm.bigolive.tv/as/pgc-live-manage/4h7/2QC1vF.png,1,
5706,犬,https://static-comm.bigolive.tv/as/pgc-live-manage/4h9/1BjB7w.png,10,
5707,猿,https://static-comm.bigolive.tv/as/pgc-live-manage/4h2/2LErbw.png,50,
5708,キジ,https://static-comm.bigolive.tv/as/pgc-live-manage/4h9/14c5Pt.png,100,
5709,桃太郎,https://static-comm.bigolive.tv/as/pgc-live-manage/4h9/1Y6Z95.png,1000,
5726,🎈Glow Stick,https://static-comm.bigolive.tv/as/pgc-live-manage/4h2/1F6RV1.png,1,
5727,rock it,https://static-comm.bigolive.tv/as/pgc-live-manage/4h6/1KUBfP.png,100,
5742,Ramadan Veil,https://static-comm.bigolive.tv/as/pgc-live-manage/4h1/0CofIP.png,100,
5743,Ramadan Dessert,https://static-comm.bigolive.tv/as/pgc-live-manage/4h6/1RDJMR.png,100,
5776,Lucky Investor,https://static-comm.bigolive.tv/as/pgc-live-manage/4h8/1PM61e.png,1000,
5778,Cute meet,https://static-comm.bigolive.tv/as/pgc-live-manage/4h9/1VWI59.png,5000,
5780,❤️Love,https://static-comm.bigolive.tv/as/pgc-live-manage/4h1/0FNGzo.png,10000,
5800,HOT Meteor,https://static-comm.bigolive.tv/as/pgc-live-manage/3s4/1cSyHm.png,100,
5855,espresso IT,https://static-comm.bigolive.tv/as/pgc-live-manage/4h5/0pTqxX.webp,1,
5856,tiramisu IT,https://static-comm.bigolive.tv/as/pgc-live-manage/4h9/0Gxen3.webp,1,
5862,Vespa,https://static-comm.bigolive.tv/as/pgc-live-manage/4h8/2DzVgw.png,500,
5863,Spaghetti,https://static-comm.bigolive.tv/as/pgc-live-manage/4h5/1iDCtl.png,20,
5864,Pizza,https://static-comm.bigolive.tv/as/pgc-live-manage/4h8/0CWcU2.png,15,
5865,Cincin,https://static-comm.bigolive.tv/as/pgc-live-manage/4h2/2NiROp.png,30,
5877,💓Heart Rose,https://static-comm.bigolive.tv/as/pgc-live-manage/4h2/1hGNG5.png,1,
5878,💓Love Hammer,https://static-comm.bigolive.tv/as/pgc-live-manage/4h2/2EfprO.png,100,
5879,💓Heart Fountain,https://static-comm.bigolive.tv/as/pgc-live-manage/4h8/0Bf0ri.png,999,
5880,💓Rose Balloon,https://static-comm.bigolive.tv/as/pgc-live-manage/4h5/1jKPYB.png,5999,
5945,HOT Charizard,https://static-comm.bigolive.tv/as/pgc-live-manage/4h3/1OAiiY.png,100,
5961,TracTrac,https://static-comm.bigolive.tv/as/pgc-live-manage/4h4/0Z8sLv.png,1616,
5986,💝Love Chocolate,https://static-comm.bigolive.tv/as/pgc-live-manage/4h8/0T0u04.png,1,
5989,💝Ride in Flowers,https://static-comm.bigolive.tv/as/pgc-live-manage/4h8/1BOI81.png,5999,
6000,Rainbow heart,https://static-comm.bigolive.tv/as/pgc-live-manage/4h1/0cWByL.png,1,
6001,Rainbow rain,https://static-comm.bigolive.tv/as/pgc-live-manage/4h3/1l7YQ5.png,100,
6002,True Love,https://static-comm.bigolive.tv/as/pgc-live-manage/4hd/1Uxzeu.png,1000,
6003,Unicorn,https://static-comm.bigolive.tv/as/pgc-live-manage/4h8/1drgmT.png,3000,
6030,JDA主播最美,https://static-comm.bigolive.tv/as/pgc-live-manage/4h8/03P7SU.png,100,
6055,Nitro,https://static-comm.bigolive.tv/as/pgc-live-manage/4ha/0HJUlc.png,100,
6057,Ayla❣Destroyer,https://static-comm.bigolive.tv/as/pgc-live-manage/4h8/1DbZr1.png,999,
6070,💗Warm Hug,https://static-comm.bigolive.tv/as/pgc-live-manage/4h1/0IDFIQ.png,300,
6092,Manila Skyline,https://static-comm.bigolive.tv/as/pgc-live-manage/4h8/2QOrqx.png,999,
6094,Lantern goat,https://static-comm.bigolive.tv/as/pgc-live-manage/4h5/2Hc0RV.png,100,
6125,留言机-跟送,https://static-comm.bigolive.tv/as/pgc-live-manage/4h6/0eXnAC.png,1,
6126,留言机,https://static-comm.bigolive.tv/as/pgc-live-manage/4h3/1nWjUr.png,1,
6127,留言机-跟送,https://static-comm.bigolive.tv/as/pgc-live-manage/4h5/1ddP6A.png,1,
6129,Baby Boy,https://static-comm.bigolive.tv/as/pgc-live-manage/4h5/1vyqWX.png,10,
6130,Baby Girl,https://static-comm.bigolive.tv/as/pgc-live-manage/4h2/2QRepF.png,10,
6131,Old man,https://static-comm.bigolive.tv/as/pgc-live-manage/4h7/2NudTu.png,10,
6132,Hulk,https://static-comm.bigolive.tv/as/pgc-live-manage/4h3/1I4iOO.png,10,
6134,Volcano Dragon,https://static-comm.bigolive.tv/as/pgc-live-manage/4h2/2KMLVz.png,1000,
6135,Crystal Phoenix,https://static-comm.bigolive.tv/as/pgc-live-manage/4h1/0IkX92.png,2000,
6137,Streamers,https://static-comm.bigolive.tv/as/pgc-live-manage/4hb/0VxHXr.png,100,
6142,留言机- 测试,https://static-comm.bigolive.tv/as/pgc-live-manage/4h7/0VeS0o.png,5,
6145,DJK💜 & NITRO🚀,https://static-comm.bigolive.tv/as/pgc-live-manage/4hc/03jy8D.png,10000,
6156,留言机-跟送,https://static-comm.bigolive.tv/as/pgc-live-manage/4h6/0eXnAC.png,5,
6158,疾風迅雷,https://static-comm.bigolive.tv/as/pgc-live-manage/4hb/15SLvW.png,12999,
6160,clapping,https://static-comm.bigolive.tv/as/pgc-live-manage/4hb/2KCR7G.png,99,
6161,boxing,https://static-comm.bigolive.tv/as/pgc-live-manage/4hc/00tt5a.png,199,
6179,Knight's rose,https://static-comm.bigolive.tv/as/pgc-live-manage/4hb/0OWV4G.png,1,
6181,Knight's wings,https://static-comm.bigolive.tv/as/pgc-live-manage/4hb/0CKM0Y.png,100,
6184,Knight,https://static-comm.bigolive.tv/as/pgc-live-manage/4hc/05AW27.png,10000,
6198,السلاطين,https://static-comm.bigolive.tv/as/pgc-live-manage/4hc/1Zc8RH.png,50,
6215,Windmill,https://static-comm.bigolive.tv/as/pgc-live-manage/4hb/05BmuJ.png,1,
6217,Bonus Card,https://static-comm.bigolive.tv/as/pgc-live-manage/4hb/0x3fkg.png,500,
6220,Flipped,https://static-comm.bigolive.tv/as/pgc-live-manage/4hc/08C7tu.png,999,
6240,Alien,https://static-comm.bigolive.tv/as/pgc-live-manage/4hc/1OIHNq.png,10,
6241,Ethereal,https://static-comm.bigolive.tv/as/pgc-live-manage/4hb/19yWuo.png,10,
6242,Monster,https://static-comm.bigolive.tv/as/pgc-live-manage/4hb/07pk9n.png,10,
6243,Robot,https://static-comm.bigolive.tv/as/pgc-live-manage/4hb/05nkTh.png,10,
6244,Zhubajie,https://static-comm.bigolive.tv/as/pgc-live-manage/4hc/27W7pD.png,10,
6255,Karen Gentil,https://static-comm.bigolive.tv/as/pgc-live-manage/4hb/27eD3D.png,5000,
6301,♓️Hoang♓️,https://static-comm.bigolive.tv/as/pgc-live-manage/4hb/0APTG1.png,6868,
6304,Necklace,https://static-comm.bigolive.tv/as/pgc-live-manage/4hc/185Cyh.png,10,
6305,Love,https://static-comm.bigolive.tv/as/pgc-live-manage/4hc/1C9HuE.png,20,
6306,Love Swan,https://static-comm.bigolive.tv/as/pgc-live-manage/4hb/06zttm.png,99,
6307,Balloon,https://static-comm.bigolive.tv/as/pgc-live-manage/4hc/174EIm.png,199,
6308,Cool,https://static-comm.bigolive.tv/as/pgc-live-manage/4hc/2Wg859.png,10,
6309,Music,https://static-comm.bigolive.tv/as/pgc-live-manage/4hc/0WYdBv.png,20,
6310,Flower,https://static-comm.bigolive.tv/as/pgc-live-manage/4hc/0z17Gg.png,99,
6311,King,https://static-comm.bigolive.tv/as/pgc-live-manage/4hb/16ZCgm.png,199,
6312,Golden Flower,https://static-comm.bigolive.tv/as/pgc-live-manage/4hc/2A1svK.png,199,
6313,Heart Signal,https://static-comm.bigolive.tv/as/pgc-live-manage/4hb/0cGljH.png,666,
6327,Moon for You,https://static-comm.bigolive.tv/as/pgc-live-manage/4hb/1crK9T.png,1,
6329,cool dino,https://static-comm.bigolive.tv/as/pgc-live-manage/4hb/1RjNhS.jpg,3000,
6331,dino group,https://static-comm.bigolive.tv/as/pgc-live-manage/4hc/2CJDgc.png,5999,
6333,bigo car,https://static-comm.bigolive.tv/as/pgc-live-manage/4hb/1MeNml.png,9999,
6335,Queen and Crown,https://static-comm.bigolive.tv/as/pgc-live-manage/4hc/2CJHKc.png,16999,
6347,💖 Heart Fountain,https://static-comm.bigolive.tv/as/pgc-live-manage/4hb/0YG58L.png,999,
6357,Pυиιѕн,https://static-comm.bigolive.tv/as/pgc-live-manage/4hc/1IBhVF.png,999,
6393,推しにGO,https://static-comm.bigolive.tv/as/pgc-live-manage/4hc/1C3frn.png,5,
6394,幸せみるく,https://static-comm.bigolive.tv/as/pgc-live-manage/4hc/1I9pod.png,3,
6483,Celebration,https://static-comm.bigolive.tv/as/pgc-live-manage/4hc/2GgJMC.png,500,
6512,aa.aa,https://static-comm.bigolive.tv/as/pgc-live-manage/4h8/05lqra.png,1000,
6516,Baby Boy,https://static-comm.bigolive.tv/as/pgc-live-manage/4h5/1vyqWX.png,1000,
6517,Baby Girl,https://static-comm.bigolive.tv/as/pgc-live-manage/4h2/2QRepF.png,1000,
6519,Old man,https://static-comm.bigolive.tv/as/pgc-live-manage/4h7/2NudTu.png,1000,
6520,Alien,https://static-comm.bigolive.tv/as/pgc-live-manage/4hc/1OIHNq.png,1000,
6521,Ethereal,https://static-comm.bigolive.tv/as/pgc-live-manage/4hb/19yWuo.png,1000,
6522,Monster,https://static-comm.bigolive.tv/as/pgc-live-manage/4hb/07pk9n.png,1000,
6523,Robot,https://static-comm.bigolive.tv/as/pgc-live-manage/4hb/05nkTh.png,1000,
6531,Super idol,https://static-comm.bigolive.tv/as/pgc-live-manage/4hb/2hwWCT.png,29999,
6553,Halloween ghost,https://static-comm.bigolive.tv/as/pgc-live-manage/4hc/0d0Tqj.png,1,
6554,Pumpkin cat,https://static-comm.bigolive.tv/as/pgc-live-manage/4hb/08EtV6.png,1000,
6555,Sexy Witch,https://static-comm.bigolive.tv/as/pgc-live-manage/4hb/0GNcmh.png,10000,
6613,Dimension Battle,https://static-comm.bigolive.tv/as/pgc-live-manage/4hc/2ei4px.png,30000,
6640,💓Eustoma,https://static-comm.bigolive.tv/as/pgc-live-manage/4hc/2J7yrP.png,1,
6653,💪 J.O.N.💎,https://static-comm.bigolive.tv/as/pgc-live-manage/4hb/1g3h9L.png,999,
6662,World Cup Trophy,https://static-comm.bigolive.tv/as/pgc-live-manage/4hb/1bFuPe.png,100,
6664,Fast break,https://static-comm.bigolive.tv/as/pgc-live-manage/4hb/0Xyd5Z.png,999,
6737,Love Blessing,https://static-comm.bigolive.tv/as/pgc-live-manage/4hb/1cNzSe.png,3999,
6738,Love Blessing,https://static-comm.bigolive.tv/as/pgc-live-manage/4hb/2bcumS.png,3999,
6742,Love Blessing,https://static-comm.bigolive.tv/as/pgc-live-manage/4hc/2LMCVz.png,3999,
6743,Love Blessing,https://static-comm.bigolive.tv/as/pgc-live-manage/4hb/2MNg5Q.png,3999,
6744,Love Blessing,https://static-comm.bigolive.tv/as/pgc-live-manage/4hb/2KLfib.png,3999,
6751,الاسد الملك,https://static-comm.bigolive.tv/as/pgc-live-manage/4hc/2iwGyL.png,19999,
6754,☤ Archangels ☤,https://static-comm.bigolive.tv/as/pgc-live-manage/4hc/0mYQjr.png,999,
6755,The Daniels,https://static-comm.bigolive.tv/as/pgc-live-manage/4hb/1Jkjut.png,1000,
6757,ガオガオGOちゃん,https://static-comm.bigolive.tv/as/pgc-live-manage/4hb/2nbzV5.png,100,
6779,Gala rose,https://static-comm.bigolive.tv/as/pgc-live-manage/4hb/1QW9cV.png,500,
6782,هدية الكعكة,https://static-comm.bigolive.tv/as/pgc-live-manage/4hc/2DQI76.png,5000,
6790,TRACTRAC,https://static-comm.bigolive.tv/as/pgc-live-manage/4hc/1M3Ce0.png,1000,
6906,MAFIA,https://static-comm.bigolive.tv/as/pgc-live-manage/4hb/0NHKFh.png,999,
6907,Hello,https://static-comm.bigolive.tv/as/pgc-live-manage/4hd/1Fs6rH.png,1,
6917,الهيبة,https://static-comm.bigolive.tv/as/pgc-live-manage/4hb/0rCXYH.png,19999,
6919,الفخامة,https://static-comm.bigolive.tv/as/pgc-live-manage/4hc/0Nhjq1.png,29999,
6922,ぴよぴよ,https://static-comm.bigolive.tv/as/pgc-live-manage/4hc/0Pkd92.png,1,
7240,Rita💖LɅV愛,https://static-comm.bigolive.tv/as/pgc-live-manage/3s1/1QwUcE.png,100,
7338,💖Rose,https://static-comm.bigolive.tv/as/pgc-live-manage/4hc/0IXrNy.png,1,
7340,Flower,https://static-comm.bigolive.tv/as/pgc-live-manage/g2/M09/00/AE/nXfpA1hjcFWIOfPLAABawR7L2_oAADcPAASpkMAAFrZ604.png?token=ak_yycall:dqaswszAmgU5p780ijG0Am_9ZAA=:0,1,
7341,Teddy,https://static-comm.bigolive.tv/as/pgc-live-manage/g1/M03/02/36/nXfpBFhkgM2IZhFlAAB-B3nETMsAADdOQGUkYsAAH4f559.png?token=ak_yycall:Bf2ORmmnHOAAGADj829RHcm22Hw=:0,2,
7342,Kiss,https://static-comm.bigolive.tv/as/pgc-live-manage/g1/M08/02/36/LXz8F1hkgTaIbE5NAABU8DbBR8EAADdPQCSJjgAAFUI577.png?token=ak_yycall:AmJsfvbZfcnZ37KSBFJhMUe-hMs=:0,2,
7343,Cake,https://static-comm.bigolive.tv/as/pgc-live-manage/g2/M09/00/AE/nXfpA1hjjUiIEKMoAAB-Eh9DUFQAADcTwI8urcAAH4q595.png?token=ak_yycall:HN-qWioDGHEcqeor8huoA6mqpEc=:0,3,
7345,서른30❤️,https://static-comm.bigolive.tv/as/pgc-live-manage/g1/M01/07/0C/nXfpBFnGANOIDMIkAACWVrht4pIAALARANJOoMAAJZu555.png,1,
7346,Player,https://static-comm.bigolive.tv/as/pgc-live-manage/g2/M01/05/5A/nXfpA1sY-weIDbyBAAAk1N4w3hQAARJWQOhGAEAACTs749.png,1,
7347,NuRi🌟,https://static-comm.bigolive.tv/as/pgc-live-manage/g2/M03/07/5B/LXz8GFtoENiIUQK4AAAb3sZ3oAQAAUQ_wELRlkAABv2675.png,1,
7348,Suika,https://static-comm.bigolive.tv/as/pgc-live-manage/g1/M0A/0E/E1/iwVsDltoGPSIBQrKAABM1wksL3UAAXOSQDuKcIAAEzv396.png,1,
7349,Modak,https://static-comm.bigolive.tv/as/pgc-live-manage/g2/M0A/08/39/nXfpA1uYeiSITOPCAAAsl4CsBNkAAVm_QKUAdQAACyv661.png,1,
7350,魔法の杖,https://static-comm.bigolive.tv/as/pgc-live-manage/g1/M02/0F/8D/LXz8F1vmkLyIT9lkAAB_xTlW6dwAAekzgCf4sMAAH_d195.png,1,
7351,Cheer,https://static-comm.bigolive.tv/as/pgc-live-manage/g1/M02/10/DD/iwVsDlv8qtyIY8J9AABwx9l-J6YAAglBwJeUCYAAHDf034.png,1,
7352,応援GO,https://static-comm.bigolive.tv/as/pgc-live-manage/g1/M07/10/DD/nXfpBFv8tBaIUFTMAABwx9l-J6YAAglKgHACyoAAHDf815.png,1,
7353,お花GOちゃん,https://static-comm.bigolive.tv/as/pgc-live-manage/g1/M04/11/46/nXfpBFwE40eIM0h3AACrz23dgRgAAhKDAPGpJUAAKvn246.png,1,
7354,ソーダ,https://static-comm.bigolive.tv/as/pgc-live-manage/g1/M01/11/5A/iwVsDlwGRvKIKFhnAAAqtA3OJ1oAAhQywL4Xc8AACrM213.png,1,
7355,ハーモニカ,https://static-comm.bigolive.tv/as/pgc-live-manage/g1/M04/12/0C/LXz8F1wRCRKIZHfgAABpwkzPwEAAAiP6gJ6e-EAAGna884.png,1,
7357,Chocolate,https://static-comm.bigolive.tv/as/pgc-live-manage/g2/M09/1D/AF/CIAIAFxFSjGINtd0AABpsJPzl-MAAf21QC77x4AAGnI059.png,1,
7358,ハートステッキ,https://static-comm.bigolive.tv/as/pgc-live-manage/g1/M01/1F/82/AoAIAFxPtqiIdlABAAB0gs3lTyQAAkwlgJGVd4AAHSa709.png,1,
7359,Çay,https://static-comm.bigolive.tv/as/pgc-live-manage/7h1/M0C/64/C4/svobAFxRTuyIMOByAAB9hSoCekAAAAGoQJTlu4AAH2d630.png,1,
7360,Afsana,https://static-comm.bigolive.tv/as/pgc-live-manage/7h1/M0B/21/8E/svobAFx2DC6IPpu2AABb0epdY_QAAFlKABUulQAAFvp682.png,1,
7361,Afsana,https://static-comm.bigolive.tv/as/pgc-live-manage/7h1/M0E/22/D4/svobAFx2U5yIUwMGAABb0epdY_QAAFoAwKRbE8AAFvp085.png,1,
7362,BIGO LOVE,https://static-comm.bigolive.tv/as/pgc-live-manage/7h1/M02/22/D7/s_obAFx2U86IRDScAAC6ZrMf-fYAAFoCgMVT3MAALp-367.png,1,
7363,Dino Love,https://static-comm.bigolive.tv/as/pgc-live-manage/7h1/M01/23/01/s_obAFx2XzCIacrEAAC6ZrMf-fYAAFoeAEAUlEAALp-448.png,1,
7364,クラウン,https://static-comm.bigolive.tv/as/pgc-live-manage/7h1/M00/68/C5/tPobAFyGBuCIDe1sAAAeRJsShfQAAIIcADm7OEAAB5c022.png,2,
7365,Flag-raising,https://static-comm.bigolive.tv/as/pgc-live-manage/7h1/M0A/76/A1/svobAFyIrKaILA7OAABSQ5SliBoAAInPANEdvcAAFJb645.png,1,
7366,Bazinga Castle,https://static-comm.bigolive.tv/as/pgc-live-manage/7h1/M02/9A/BF/svobAFyQ8BSIRRx3AAAp615vu9QAAJyZQIuvbIAACoD891.png,1,
7367,三色団子,https://static-comm.bigolive.tv/as/pgc-live-manage/g1/M09/28/95/AYAIAFyR5u2IZqYfAAAf45zSFQgAAk9QwNTAoYAAB_7689.png,1,
7368,떡볶이,https://static-comm.bigolive.tv/as/pgc-live-manage/7h1/M04/4B/82/svobAFycn26IXgGCAACQdVZHNpkAAOBigKXW7gAAJCN843.png,1,
7369,ハートGOちゃん,https://static-comm.bigolive.tv/as/pgc-live-manage/7h1/M07/E4/73/tPobAFykIh2IKei_AAC6ZrMf-fYAAUwcgP-DHcAALp-184.png,1,
7370,Hammer,https://static-comm.bigolive.tv/as/pgc-live-manage/7h1/M04/47/3B/s_obAFykbLqIFnaPAACvQC8vOdcAAVbBQEOEhIAAK9Y638.png,1,
7371,Unicorn,https://static-comm.bigolive.tv/as/pgc-live-manage/7h1/M01/BB/0B/svobAFy9kdeII2o3AAAee9aCeJsAAsRPgCbB8AAAB6T692.png,1,
7372,お月様,https://static-comm.bigolive.tv/as/pgc-live-manage/7h1/M08/ED/77/s_obAFzFV-aINBLCAAA00S66OYYAA3kmwB9nrIAADTp624.png,10,
7373,Bigo Castle,https://static-comm.bigolive.tv/as/pgc-live-manage/7h2/M08/21/52/8vobAFz14yGIINL_AAA3zVMKOZoAAHQ-gJwW9wAADfl446.png,10,
7374,Poo-Pile,https://static-comm.bigolive.tv/as/pgc-live-manage/7h2/M0A/4C/D8/8fobAF0dqVqITMwEAAAosdBdz4gAARW1QIwhWIAACjJ010.png,5,
7375,Light Stick,https://static-comm.bigolive.tv/as/pgc-live-manage/7h3/M0A/6C/10/LvsbAF0jRt6IJNL-AABrTpyqCIoAATb2AP1VWcAAGtm807.png,1,
7376,Bow,https://static-comm.bigolive.tv/as/pgc-live-manage/7h3/M06/9F/A4/L_sbAF1NU5iIU237AAAWX7H0JpoAAauXwGXoiUAABZ3893.png,1,
7377,Applaud,https://static-comm.bigolive.tv/as/pgc-live-manage/7h2/M0D/A6/BD/8fobAF1cvmyIBKYcAABwqrj4I18AAcE7QDDTFMAAHDC141.png,5,
7378,Keris,https://static-comm.bigolive.tv/as/pgc-live-manage/7h4/M02/E8/82/bPsbAF1weW2IIoAyAABB3EnvkzkAAiqbANS4LgAAEH0633.png,1,
7379,ライトスティック,https://static-comm.bigolive.tv/as/pgc-live-manage/7h2/M0D/C3/B0/8vobAF1wt-mIB1Q7AABrTpyqCIoAAgm0AGCZLQAAGtm685.png,1,
7380,マイク,https://static-comm.bigolive.tv/as/pgc-live-manage/7h4/M08/B4/6F/bvsbAF1xFnKIXK6VAACkj79_S54AAgAPABXeLMAAKSn408.png,1,
7381,Lipstick,https://static-comm.bigolive.tv/as/pgc-live-manage/7h2/M0A/C7/B3/8vobAF1zUR6ILQgxAAAzi2BTm2AAAhHMgEGwHQAADOj460.png,1,
7382,エナジーボール,https://static-comm.bigolive.tv/as/pgc-live-manage/7h2/M0C/CD/1B/8fobAF13uEuIKLSfAAA0KCtW0Z0AAfTmwMGcB4AADRA140.png,1,
7384,Philippines Dino,https://static-comm.bigolive.tv/as/pgc-live-manage/7h3/M0A/FD/7B/L_sbAF2I1XOIeINoAABiSKBN1yYAAiIZQKAxFIAAGJg982.png,1,
7386,Maple Leaf,https://static-comm.bigolive.tv/as/pgc-live-manage/7h2/M01/E6/37/8vobAF2I196INacTAACE4G-Sw_oAAjpRAPo9voAAIT4533.png,1,
7387,マップ,https://static-comm.bigolive.tv/as/pgc-live-manage/7h4/M07/0F/24/bPsbAF2I4-aIaD5HAAAxU3hxMtgAAu_GAAYAskAADFr833.png,1,
7388,ธงชาติไทย,https://static-comm.bigolive.tv/as/pgc-live-manage/7h3/M08/01/D9/L_sbAF2MWTOID2qxAABO4KT3EfYAAig4wFsmyAAAE74761.png,1,
7389,Love U,https://static-comm.bigolive.tv/as/pgc-live-manage/7h2/M0E/2F/80/8PobAF2eBm-ION59AABb0epdY_QAA0JZAImkI0AAFvp352.png,1,
7390,🐼 Bamboo shoots,https://static-comm.bigolive.tv/as/pgc-live-manage/7h4/M0E/EE/A6/bvsbAF2fWHGIQn-hAAAh2mYDvcMAAlTnAFHtEcAACHy994.png,1,
7391,もみじ,https://static-comm.bigolive.tv/as/pgc-live-manage/7h1/M03/F4/5E/svobAF2h-BGIH4gXAAAh7TbbTLIABUyVANP3JcAACIF620.png,1,
7392,단풍잎,https://static-comm.bigolive.tv/as/pgc-live-manage/7h2/M01/07/D6/8vobAF2kohyIFEDCAAAh7TbbTLIAAmrBAOdohYAACIF338.png,1,
7393,붕어빵,https://static-comm.bigolive.tv/as/pgc-live-manage/7h1/M02/14/A6/tPobAF2kojeIWTyQAABYT1YEkMsABS1dAFmAwcAAFhn324.png,1,
7394,Love,https://static-comm.bigolive.tv/as/pgc-live-manage/7h3/M00/3F/4F/LvsbAF2nQ7qIDhx-AAAchrQ4rZUAA3uvAPqWRYAABye666.png,1,
7395,Love,https://static-comm.bigolive.tv/as/pgc-live-manage/7h4/M07/39/D7/bPsbAF2nQ9KIfIdaAAAchrQ4rZUAA2idAG0eVkAABye643.png,1,
7396,Curry fish ball,https://static-comm.bigolive.tv/as/pgc-live-manage/7h3/M0C/40/67/LvsbAF2n3FKIV4H8AABU8llDk1sAA3zWAAo8FoAAFUK783.png,1,
7397,Bubble milk tea,https://static-comm.bigolive.tv/as/pgc-live-manage/7h3/M0A/40/51/LvsbAF2n3J2IPOHnAABvjKHk74IAA3y9AJUE_sAAG-k338.png,1,
7398,🏆 Trophy,https://static-comm.bigolive.tv/as/pgc-live-manage/7h3/M05/F4/79/MPsbAF2oiICIVvRxAAAqhdudjS8AAlTrgAyrOkAACqd983.png,1,
7399,🎃 Candy,https://static-comm.bigolive.tv/as/pgc-live-manage/7h3/M04/28/BB/L_sbAF2pemaIMtdJAACIs8VoTJYAAl9oQMrGS0AAIjL660.png,1,
7400,Record,https://static-comm.bigolive.tv/as/pgc-live-manage/7h3/M08/31/9E/L_sbAF2vDEaIZELXAABHxVC6Y08AAmp4wJDzvYAAEfd486.png,1,
7401,ギフトボックス,https://static-comm.bigolive.tv/as/pgc-live-manage/7h2/M01/2E/35/8vobAF24Ww2IAOqBAAAilxpPfaYAApD8gKsQ5UAACKv349.png,1,
7402,プルメリア,https://static-comm.bigolive.tv/as/pgc-live-manage/7h4/M09/17/C5/bPsbAF3KWP2ILNjHAACzJYI7UvEAA_VYgM8IxMAALM9298.png,2,
7403,Lucky Key,https://static-comm.bigolive.tv/as/pgc-live-manage/7h4/M06/99/BC/bfsbAF3fMUWIT0yKAABrTpyqCIoAAtHmwHJmdMAAGtm281.png,1,
7404,Blue Flower,https://static-comm.bigolive.tv/as/pgc-live-manage/7h4/M01/64/EA/bPsbAF3odq2IJ0ByAACZ3tL13KIABJcVgE7hAwAAJn2509.png,1,
7405,Mushroom,https://static-comm.bigolive.tv/as/pgc-live-manage/7h2/M08/C0/E1/8fobAF3295GIcGzAAABzJCpdumcAAvHNQJSnwkAAHM8702.png,1,
7406,Cheers,https://static-comm.bigolive.tv/as/pgc-live-manage/7h3/M01/08/44/L_sbAF37ZauIBENcAAAsIbqyuoUAAxHBwF1WqQAACw5708.png,1,
7407,ラブハート,https://static-comm.bigolive.tv/as/pgc-live-manage/7h3/M07/30/2F/L_sbAF4DE5SIBukTAABViiyoIgoAAyZSwPxrn4AAFWi525.png,1,
7408,Bigo Builder,https://static-comm.bigolive.tv/as/pgc-live-manage/7h2/M02/52/6A/8PobAF4P-TyINk3iAABuy4ZJPhYABnxGgM4SFwAAG7j719.png,1,
7409,Light stick,https://static-comm.bigolive.tv/as/pgc-live-manage/7h2/M0C/97/55/8fobAF4S5WOIMzsNAACFV7Hbq0AAAzn6wBsFLsAAIVv207.png,1,
7410,Peach Blossom,https://static-comm.bigolive.tv/as/pgc-live-manage/7h6/M0C/12/10/6fsbAF4jtAaIMIehAAB5uKeOd3UAAAkrwMBaQgAAHnQ453.png,10,
7411,Pink Rose,https://static-comm.bigolive.tv/as/pgc-live-manage/7h2/M08/2E/E4/8fobAF4j9dOIRyZfAAApHeVhiykAA2cswDqpGUAACk1115.png,1,
7412,mask,https://static-comm.bigolive.tv/as/pgc-live-manage/7h5/M0D/A6/6C/qvsbAF5UfQWIDeYvAAB11fb43HEAAkN9gBfG2wAAHXt162.png,2,
7413,Dino Flowers,https://static-comm.bigolive.tv/as/pgc-live-manage/7h6/M08/94/EF/6PsbAF5XGN6IV3JkAACrz23dgRgABIyDAFfRjMAAKvn029.png,1,
7414,Lucky Dino,https://static-comm.bigolive.tv/as/pgc-live-manage/7h6/M01/A0/AB/6vsbAF5fXQKIJ3dkAAAiiWhbZwMAAR-IADThEoAACKh577.png,10,
7415,どら焼き,https://static-comm.bigolive.tv/as/pgc-live-manage/4h5/1RxB2Z.png,1,
7416,Sen Đá ❤,https://static-comm.bigolive.tv/as/pgc-live-manage/4h6/0SEYFd.png,2,
7418,Sweet kiss,https://static-comm.bigolive.tv/as/pgc-live-manage/4h5/0ak7ZG.png,1,
7419,HUAWEI Y6p,https://static-comm.bigolive.tv/as/pgc-live-manage/4h5/1NctM1.png,1,
7420,🎮Console,https://static-comm.bigolive.tv/as/pgc-live-manage/4h5/0mSIST.png,1,
7421,수박,https://static-comm.bigolive.tv/as/pgc-live-manage/4h7/1RZzZW.png,1,
7422,*Puzzles,https://static-comm.bigolive.tv/as/pgc-live-manage/4h3/M00/8C/2A/RhIRAF7_Io2IU0FFAAAdrRBTozcAATG0gHajsgAAB3F386.png,10,
7423,BIGO 💗 AR,https://static-comm.bigolive.tv/as/pgc-live-manage/4h3/M0B/8C/C7/RhIRAF7_KluIa8N2AACA1GwrdO4AATHMwCpYR4AAIDs689.png,1,
7424,BIGO 💗 CO,https://static-comm.bigolive.tv/as/pgc-live-manage/4h2/M08/D5/72/CRIRAF7_KruIR5ELAAB4XeVJ4jkAAUaRAHTrwkAAHh1025.png,1,
7425,BIGO 💗 PE,https://static-comm.bigolive.tv/as/pgc-live-manage/4h4/M00/6E/B6/hRIRAF7_KwiIenq6AAB262yXpLUAATGyQOHwlYAAHcD941.png,1,
7426,gesto,https://static-comm.bigolive.tv/as/pgc-live-manage/4h7/1QI0gJ.png,3,
7427,🎮Magic Ball,https://static-comm.bigolive.tv/as/pgc-live-manage/4h3/M0E/D3/B3/SBIRAF8ROwuIWCMmAAApqhDNsYIAAVoegKQWDkAACnC752.png,10,
7428,A型,https://static-comm.bigolive.tv/as/pgc-live-manage/4h4/M0E/4E/C0/hRIRAF8Y7KCITro7AAAcc9l14UIAAW-kQNmT5gAAByL405.png,1,
7429,B型,https://static-comm.bigolive.tv/as/pgc-live-manage/4h6/2Fta5P.png,1,
7430,AB型,https://static-comm.bigolive.tv/as/pgc-live-manage/4h4/M04/4E/C8/hBIRAF8Y7PSIUcGcAAAf0synSk8AAW-lAO6ah0AAB_q170.png,1,
7431,O型,https://static-comm.bigolive.tv/as/pgc-live-manage/4h3/M0B/6D/DE/SBIRAF8Y7gqIWm6vAAAdK20utz8AAW_IwFq9AgAAB1D551.png,1,
7432,Guinness,https://static-comm.bigolive.tv/as/pgc-live-manage/4h3/M0B/F5/F3/RhIRAF80weiIKCYXAACJsA56tE4AAbQPgFB_NcAAInI277.png,1,
7433,Football,https://static-comm.bigolive.tv/as/pgc-live-manage/3s2/14qEUD.png,1,
7434,BARYJON,https://static-comm.bigolive.tv/as/pgc-live-manage/g1/M07/0A/BE/iwVsDlq5wuuITlRYAAC6ZrMf-fYAAQxVwGwsScAALp-383.png,1,
7435,KH Flag,https://static-comm.bigolive.tv/as/pgc-live-manage/3s1/25221y.png,1,
7436,Romdoul,https://static-comm.bigolive.tv/as/pgc-live-manage/3s1/04jNRO.png,2,
7437,Brezel,https://static-comm.bigolive.tv/as/pgc-live-manage/3s1/0A8RIP.png,10,
7438,Annual Glory 2020,https://static-comm.bigolive.tv/as/pgc-live-manage/3s2/1FNdpF.png,1,
7439,KINGの王冠,https://static-comm.bigolive.tv/as/pgc-live-manage/3s2/1MGHkx.png,1,
7440,QUEENの王冠,https://static-comm.bigolive.tv/as/pgc-live-manage/3s1/2BXaWz.png,1,
7441,Magic Rose,https://static-comm.bigolive.tv/as/pgc-live-manage/3s2/2TMM3G.png,1,
7442,Magic bottle,https://static-comm.bigolive.tv/as/pgc-live-manage/3s2/1LNRiM.png,1,
7443,Love,https://static-comm.bigolive.tv/as/pgc-live-manage/3s2/2PFjr3.png,1,
7444,Calcio,https://static-comm.bigolive.tv/as/pgc-live-manage/3s2/2Kak9t.png,1,
7445,Pink Ribbon,https://static-comm.bigolive.tv/as/pgc-live-manage/3s2/0siOmH.png,1,
7447,菠蘿油,https://static-comm.bigolive.tv/as/pgc-live-manage/3s1/0fGNIH.png,1,
7448,Türk Bayrağı,https://static-comm.bigolive.tv/as/pgc-live-manage/3s1/2FzkNi.png,1,
7449,Galata Kulesi,https://static-comm.bigolive.tv/as/pgc-live-manage/3s1/2K4qYp.png,10,
7450,🌟Wishing bottle,https://static-comm.bigolive.tv/as/pgc-live-manage/3s1/2KlAFC.png,1,
7451,Pride heart,https://static-comm.bigolive.tv/as/pgc-live-manage/3s1/0TBaAo.png,5,
7453,Smile 2021,https://static-comm.bigolive.tv/as/pgc-live-manage/3s2/08C0UZ.png,1,
7454,Star of Gala,https://static-comm.bigolive.tv/as/pgc-live-manage/3s1/2eFlYc.png,1,
7455,Gala's Flower,https://static-comm.bigolive.tv/as/pgc-live-manage/3s2/04o72w.png,10,
7456,Love u,https://static-comm.bigolive.tv/as/pgc-live-manage/3s1/0mlzzp.png,1,
7457,🌟Aquarius,https://static-comm.bigolive.tv/as/pgc-live-manage/3s2/23MWjZ.png,1,
7458,Vegemite Toast,https://static-comm.bigolive.tv/as/pgc-live-manage/3s2/2roN60.png,1,
7459,Blue Rose,https://static-comm.bigolive.tv/as/pgc-live-manage/3s2/1pthzb.png,1,
7460,Eternal rose,https://static-comm.bigolive.tv/as/pgc-live-manage/3s1/0nmfvh.png,1,
7461,Among Us 2,https://static-comm.bigolive.tv/as/pgc-live-manage/3s1/0AC3Vq.png,1,
7462,Among Us 3,https://static-comm.bigolive.tv/as/pgc-live-manage/3s2/0LWdOFS.png,1,
7463,Among Us 4,https://static-comm.bigolive.tv/as/pgc-live-manage/3s1/29M9c9.png,1,
7464,Among Us 1,https://static-comm.bigolive.tv/as/pgc-live-manage/3s2/1FMZe9.png,1,
7466,Blast-Scepter,https://static-comm.bigolive.tv/as/pgc-live-manage/3s2/2LLbrRG.png,5,
7467,Glory Rose,https://static-comm.bigolive.tv/as/pgc-live-manage/3s1/1zAqgN.png,1,
7468,Whisky Coca,https://static-comm.bigolive.tv/as/pgc-live-manage/3s1/2jIPKI.png,5,
7469,Fest Dino,https://static-comm.bigolive.tv/as/pgc-live-manage/3s3/1ZMTYT.png,10,
7470,Empower,https://static-comm.bigolive.tv/as/pgc-live-manage/3s3/0Lu6Vd.png,1,
7471,Chocolate Bar,https://static-comm.bigolive.tv/as/pgc-live-manage/3s3/1pFF0v.png,1,
7472,わんこの足,https://static-comm.bigolive.tv/as/pgc-live-manage/3s3/1vdwSl.png,1,
7474,Jewelry,https://static-comm.bigolive.tv/as/pgc-live-manage/3s3/1qgVOF.png,1,
7475,Dream,https://static-comm.bigolive.tv/as/pgc-live-manage/3s3/0c7yNw.png,10,
7476,Trans Visibility,https://static-comm.bigolive.tv/as/pgc-live-manage/3s3/0cfZqJ.png,1,
7478,宝の地図,https://static-comm.bigolive.tv/as/pgc-live-manage/3s3/0umtK8.png,10,
7479,J❤️K,https://static-comm.bigolive.tv/as/pgc-live-manage/3s4/145eSK.webp,1,
7480,温泉GO,https://static-comm.bigolive.tv/as/pgc-live-manage/3s4/04K220.png,3,
7482,粽子寶寶,https://static-comm.bigolive.tv/as/pgc-live-manage/3s4/02jm4U.png,1,
7483,وردة العشق,https://static-comm.bigolive.tv/as/pgc-live-manage/3s4/08ee5g.png,1,
7484,正港男子漢,https://static-comm.bigolive.tv/as/pgc-live-manage/3s1/0Rdutf9.png,1,
7485,Streamfest,https://static-comm.bigolive.tv/as/pgc-live-manage/3s4/2gaQmS.png,1,
7486,尋找討厭鬼,https://static-comm.bigolive.tv/as/pgc-live-manage/3s4/0W3pIA.png,5,
7487,Battleship,https://static-comm.bigolive.tv/as/pgc-live-manage/3s4/0qfOr9.png,1,
7488,💧Beast potion,https://static-comm.bigolive.tv/as/pgc-live-manage/3s4/0vDZT9.png,1,
7489,Dream planet,https://static-comm.bigolive.tv/as/pgc-live-manage/3s4/1cDfi3.png,1,
7490,Käsewurst,https://static-comm.bigolive.tv/as/pgc-live-manage/3s4/25dR2H.png,10,
7491,💖Heart,https://static-comm.bigolive.tv/as/pgc-live-manage/3s4/0g2Gyt.png,1,
7492,財富自由,https://static-comm.bigolive.tv/as/pgc-live-manage/3s4/2fWkKy.png,1,
7493,EBEDİ,https://static-comm.bigolive.tv/as/pgc-live-manage/3s4/2vJORl.png,1,
7494,Pumpkin Candy,https://static-comm.bigolive.tv/as/pgc-live-manage/3s3/2yyXvh.png,1,
7497,Yellow Duck,https://static-comm.bigolive.tv/as/pgc-live-manage/3s2/01NlMMy.png,1,
7498,Goggles Duck,https://static-comm.bigolive.tv/as/pgc-live-manage/3s2/216xbKO.png,1,
7499,Swimming Duck,https://static-comm.bigolive.tv/as/pgc-live-manage/3s2/1yESQ0.png,2,
7500,Flying Duck,https://static-comm.bigolive.tv/as/pgc-live-manage/3s2/1r7LUI.png,2,
7501,Salute to New Year🎉,https://static-comm.bigolive.tv/as/pgc-live-manage/3s2/29Hi9NM.png,1,
7502,GALA Diamond 2022,https://static-comm.bigolive.tv/as/pgc-live-manage/3s4/0Lx5NT.png,1,
7503,GALA Mic 2022,https://static-comm.bigolive.tv/as/pgc-live-manage/3s4/2vQ5bk.png,10,
7504,R#Blueeyes,https://static-comm.bigolive.tv/as/pgc-live-manage/4h9/28hkCY.png,1,
7505,Lucky Coin,https://static-comm.bigolive.tv/as/pgc-live-manage/4h3/2hKQw9.png,1,
7506,💖Finger heart,https://static-comm.bigolive.tv/as/pgc-live-manage/4h1/1IT45K.png,1,
7508,犬,https://static-comm.bigolive.tv/as/pgc-live-manage/4h9/1BjB7w.png,10,
7510,🎈Glow Stick,https://static-comm.bigolive.tv/as/pgc-live-manage/4h2/1F6RV1.png,1,
7511,Heart Lock,https://static-comm.bigolive.tv/as/pgc-live-manage/4h9/0FxSn3.png,1,
7512,espresso IT,https://static-comm.bigolive.tv/as/pgc-live-manage/4h5/0pTqxX.webp,1,
7513,tiramisu IT,https://static-comm.bigolive.tv/as/pgc-live-manage/4h9/0Gxen3.webp,1,
7514,love you,https://static-comm.bigolive.tv/as/pgc-live-manage/4h9/2FYTu3.png,10,
7516,Lovely heart,https://static-comm.bigolive.tv/as/pgc-live-manage/4hb/05XPSQ.png,10,
7517,真愛哥吉拉,https://static-comm.bigolive.tv/as/pgc-live-manage/4hc/1HPnYl.png,5,
7518,Knight's rose,https://static-comm.bigolive.tv/as/pgc-live-manage/4hb/0OWV4G.png,1,
7519,Windmill,https://static-comm.bigolive.tv/as/pgc-live-manage/4hb/05BmuJ.png,1,
7520,Tree frog,https://static-comm.bigolive.tv/as/pgc-live-manage/4hc/1APCw1.png,1,
7522,佳節兔兔,https://static-comm.bigolive.tv/as/pgc-live-manage/4hc/28CQNJ.png,1,
7525,Mace X GALA,https://static-comm.bigolive.tv/as/pgc-live-manage/4hb/2eD9rr.png,1,
7529,Cheer for Belgium,https://static-comm.bigolive.tv/as/pgc-live-manage/4hb/1gJaF9.png,1,
7530,Cheer for France,https://static-comm.bigolive.tv/as/pgc-live-manage/4hb/0h4iCX.png,1,
7532,Bonheur chat noir,https://static-comm.bigolive.tv/as/pgc-live-manage/4hb/2GR1SO.png,1,
7533,Ekim Top 1 Yayıncı,https://static-comm.bigolive.tv/as/pgc-live-manage/4hc/0VdiqN.png,1,
7535,Cheer for Spain,https://static-comm.bigolive.tv/as/pgc-live-manage/4hc/1IokIO.png,1,
7536,Cheer for Mexico,https://static-comm.bigolive.tv/as/pgc-live-manage/4hb/0LcLbD.png,1,
7537,Cheer for Netherlands,https://static-comm.bigolive.tv/as/pgc-live-manage/4hc/2I3gFm.png,1,
7538,Cheer for Denmark,https://static-comm.bigolive.tv/as/pgc-live-manage/4hc/2N8lvc.png,1,
7539,Cheer for Germany,https://static-comm.bigolive.tv/as/pgc-live-manage/4hc/2QBpGk.png,1,
7540,Cheer for Uruguay,https://static-comm.bigolive.tv/as/pgc-live-manage/4hc/2M7loW.png,1,
7541,Cheer for Switzerland,https://static-comm.bigolive.tv/as/pgc-live-manage/4hb/2L7AEW.png,1,
7542,Cheer for U.S.,https://static-comm.bigolive.tv/as/pgc-live-manage/4hb/2AwzUg.png,1,
7543,Cheer for Croatia,https://static-comm.bigolive.tv/as/pgc-live-manage/4hc/0gxXov.png,1,
7544,Cheer for Senegal,https://static-comm.bigolive.tv/as/pgc-live-manage/4hb/2Aw1NI.png,1,
7545,Cheer for Japan,https://static-comm.bigolive.tv/as/pgc-live-manage/4hc/1QwyKY.png,1,
7546,Cheer for Poland,https://static-comm.bigolive.tv/as/pgc-live-manage/4hc/2M7pZW.png,1,
7547,Cheer for Korea,https://static-comm.bigolive.tv/as/pgc-live-manage/4hc/2N8qv2.png,1,
7548,Cheer for Tunisia,https://static-comm.bigolive.tv/as/pgc-live-manage/4hb/2K6Ds1.png,1,
7549,Cheer for Cameroon,https://static-comm.bigolive.tv/as/pgc-live-manage/4hc/2nYH65.png,1,
7550,Cheer for Canada,https://static-comm.bigolive.tv/as/pgc-live-manage/4hc/1X37FN.png,1,
7552,Cheer for Ghana,https://static-comm.bigolive.tv/as/pgc-live-manage/4hc/1BhmW6.png,1,
7553,Cheer for Wales,https://static-comm.bigolive.tv/as/pgc-live-manage/4hb/1IpI37.png,1,
7554,Cheer for Australia,https://static-comm.bigolive.tv/as/pgc-live-manage/4hc/2M7sp8.png,1,
7555,Cheer for Portugal,https://static-comm.bigolive.tv/as/pgc-live-manage/4hb/1W3Y7B.png,1,
7556,Cheer for Ecuador,https://static-comm.bigolive.tv/as/pgc-live-manage/4hc/2N8vKQ.png,1,
7557,Cheer for Serbia,https://static-comm.bigolive.tv/as/pgc-live-manage/4hc/0GXGo0.png,1,
7558,Cheer for Morocco,https://static-comm.bigolive.tv/as/pgc-live-manage/4hb/1MtSBE.png,1,
7559,Cheer for Costa Rica,https://static-comm.bigolive.tv/as/pgc-live-manage/4hc/0l2n8H.png,1,
7560,乾杯,https://static-comm.bigolive.tv/as/pgc-live-manage/4hb/2mhyJr.png,1,
7561,小籠湯包,https://static-comm.bigolive.tv/as/pgc-live-manage/4hc/1BrKWI.png,3,
7562,絶対そーしよ！,https://static-comm.bigolive.tv/as/pgc-live-manage/4hc/2IWs6C.png,1,
7563,HEATup,https://static-comm.bigolive.tv/as/pgc-live-manage/4hb/0dHFFe.png,1,
7564,サンタみるく,https://static-comm.bigolive.tv/as/pgc-live-manage/4hc/1eXVWS.png,1,
7565,ゆにゆにコンコン,https://static-comm.bigolive.tv/as/pgc-live-manage/4hb/1Cp9Ag.png,1,
7566,推しぴしか勝たん,https://static-comm.bigolive.tv/as/pgc-live-manage/4hb/2MEDib.png,1,
7567,一緒に食べよーーー！,https://static-comm.bigolive.tv/as/pgc-live-manage/4hb/2KKx9t.png,1,
7568,おんぶduck,https://static-comm.bigolive.tv/as/pgc-live-manage/4hb/0f45Sq.png,1,
7569,ﾗｰｼｬｰｾ,https://static-comm.bigolive.tv/as/pgc-live-manage/4hc/1O243z.png,1,
7570,ごめんなさい,https://static-comm.bigolive.tv/as/pgc-live-manage/4hc/2rhe2r.png,1,
7571,ぴよぴよ,https://static-comm.bigolive.tv/as/pgc-live-manage/4hc/0Pkd92.png,1,
7573,Naughty Tomato,https://static-comm.bigolive.tv/as/pgc-live-manage/4hc/1V3GHR.png,10,
7575,Cute Octopus,https://static-comm.bigolive.tv/as/pgc-live-manage/4hd/1kNcG0.png,100,
7576,Bejewelled Airplane,https://static-comm.bigolive.tv/as/pgc-live-manage/4hd/2sVi3A.png,520,
7581,Guardian Heart,https://static-comm.bigolive.tv/as/pgc-live-manage/4hc/1WXTkY.png,1,
7588,인생한방,https://static-comm.bigolive.tv/as/pgc-live-manage/3s4/2F8ios.png,500,
7589,대박 토끼,https://static-comm.bigolive.tv/as/pgc-live-manage/7h6/M02/9D/7B/6PsbAF5625yIO0emAACHShy4Vp0ACCdGgEZvVYAAIdi313.png,500,
7590,BigWin꽃요정,https://static-comm.bigolive.tv/as/pgc-live-manage/4hd/15HYRQ8.png,100,
7603,Romantic Balloon,https://static-comm.bigolive.tv/as/pgc-live-manage/4hc/1XGoZA.png,50,
7604,Love Drum,https://static-comm.bigolive.tv/as/pgc-live-manage/4hc/0Rv5ao.png,200,
7608,Dynamic Trophy,https://static-comm.bigolive.tv/as/pgc-live-manage/4hb/2VU6Lk.png,100,
7625,SVIP Conqueror Eagle,https://static-comm.bigolive.tv/as/pgc-live-manage/4hb/0PTAWa.jpeg,9999,
7627,💓Loving Rocket,https://static-comm.bigolive.tv/as/pgc-live-manage/3s4/23ZJQB.png,5000,
7630,Lily💕Puffy,https://static-comm.bigolive.tv/as/pgc-live-manage/4hc/2Iveyg.png,999,
7633,Life Line,https://static-comm.bigolive.tv/as/pgc-live-manage/4hc/2Q4p2V.png,999,
7636,ドキドキ,https://static-comm.bigolive.tv/as/pgc-live-manage/4hc/0XMq8d.png,1,
7639,5月BIちゃん,https://static-comm.bigolive.tv/as/pgc-live-manage/lpsz/1wIkgH00y2TWPL00zYXwT.png,5,
7640,5月GOちゃん,https://static-comm.bigolive.tv/as/pgc-live-manage/lpsy/1wIkfh00y33lYHC1Ew4xi.png,5,
7641,すきぴ,https://static-comm.bigolive.tv/as/pgc-live-manage/4hc/0OEVja.png,100,
7642,デートGOちゃん,https://static-comm.bigolive.tv/as/pgc-live-manage/4hc/0oexPj.png,1000,
7645,Laser gun,https://static-comm.bigolive.tv/as/pgc-live-manage/4hd/0BOUIH.png,1,
7667,Pay a New Year call,https://static-comm.bigolive.tv/as/pgc-live-manage/4hb/1TeJLb.png,1000,
7669,Happy Spring Festival,https://static-comm.bigolive.tv/as/pgc-live-manage/4hc/1UmJWn.png,10000,
7687,King❤Mahekk,https://static-comm.bigolive.tv/as/pgc-live-manage/4hb/2gmEEl.png,100,
7694,左依专属❤️,https://static-comm.bigolive.tv/as/pgc-live-manage/4hb/1LRrSU.png,521,
7697,TEAM SPIDER,https://static-comm.bigolive.tv/as/pgc-live-manage/4hb/0yqaL5.png,100,
7705,We Are PRIME,https://static-comm.bigolive.tv/as/pgc-live-manage/4hb/0UTjdt.jpg,1000,
7708,زلزلة,https://static-comm.bigolive.tv/as/pgc-live-manage/4hc/2U36XJ.png,9999,
7725,ASY,https://static-comm.bigolive.tv/as/pgc-live-manage/4hb/0ySnHT.png,999,
7740,PHOENIX,https://static-comm.bigolive.tv/as/pgc-live-manage/4hc/1zVTor.png,100,
7743,Streakykel,https://static-comm.bigolive.tv/as/pgc-live-manage/4hb/2UMaOh.png,999,
7750,Bell-测试68372/60190,https://static-comm.bigolive.tv/as/pgc-live-manage/3s2/12OVRo.png,5,
7764,👑Platinum Violin,https://static-comm.bigolive.tv/as/pgc-live-manage/4hd/2KSwrG.png,1,
7765,👑Archery,https://static-comm.bigolive.tv/as/pgc-live-manage/4hb/2UFkuO.png,100,
7766,👑Griffin,https://static-comm.bigolive.tv/as/pgc-live-manage/4h2/2hGJnX.png,1000,
7775,Family Prestige,https://static-comm.bigolive.tv/as/pgc-live-manage/4hd/1QYsLj.png,100,
7790,四神白虎,https://static-comm.bigolive.tv/as/pgc-live-manage/4hd/19NG0R.png,6999,
7791,神奈川沖浪GO,https://static-comm.bigolive.tv/as/pgc-live-manage/4hb/2dURsd.png,2299,
7792,高級シャンパン,https://static-comm.bigolive.tv/as/pgc-live-manage/4hb/10bmKf.png,500,
7822,SVIP 너의수호자,https://static-comm.bigolive.tv/as/pgc-live-manage/3s1/20leZt.png,10000,
7823,SATIRE,https://static-comm.bigolive.tv/as/pgc-live-manage/4hb/2j7M7N.png,1000,
7837,Ramadan lantern,https://static-comm.bigolive.tv/as/pgc-live-manage/4h2/2Q7oz3.png,1,
7839,Ramadan cannon,https://static-comm.bigolive.tv/as/pgc-live-manage/4hd/15zOMz.png,100,
7842,Ramadan Kareem,https://static-comm.bigolive.tv/as/pgc-live-manage/4hd/171Sic.png,10000,
7848,あいたっち,https://static-comm.bigolive.tv/as/pgc-live-manage/4hd/03wjrJ.png,100,
7853,7th Anniv.Helicopter,https://static-comm.bigolive.tv/as/pgc-live-manage/4hd/19A3g8.png,1777,
7865,桜満開,https://static-comm.bigolive.tv/as/pgc-live-manage/4hd/2AAxWu.png,500,
7875,Queen Emie,https://static-comm.bigolive.tv/as/pgc-live-manage/4hd/26e79C.png,9999,
7892,London Gala,https://static-comm.bigolive.tv/as/pgc-live-manage/4hd/1DYzkc.png,100,
7896,Gunay,https://static-comm.bigolive.tv/as/pgc-live-manage/4hd/0bqoLT.png,3000,
7897,💖Finger heart,https://static-comm.bigolive.tv/as/pgc-live-manage/4h1/1IT45K.png,1,
7912,تقهوى,https://static-comm.bigolive.tv/as/pgc-live-manage/4hd/1PFEDZ.png,20,
7913,التاج,https://static-comm.bigolive.tv/as/pgc-live-manage/4hd/0Yg7lv.png,10,
7953,A,https://static-comm.bigolive.tv/as/pgc-live-manage/4hd/25ozCg.png,1,
7954,B,https://static-comm.bigolive.tv/as/pgc-live-manage/4hd/2K3FNk.png,1,
7955,C,https://static-comm.bigolive.tv/as/pgc-live-manage/4hd/15o20s.png,1,
7956,D,https://static-comm.bigolive.tv/as/pgc-live-manage/4hd/15o3yU.png,1,
7958,天使GOちゃん,https://static-comm.bigolive.tv/as/pgc-live-manage/4hd/2K6F2w.png,100,
7960,悪魔BIちゃん,https://static-comm.bigolive.tv/as/pgc-live-manage/4hd/0EHsDu.png,100,
7962,天使の卵,https://static-comm.bigolive.tv/as/pgc-live-manage/4hd/0UKQ3e.png,1,
7963,悪魔の卵,https://static-comm.bigolive.tv/as/pgc-live-manage/4hd/2SziSB.png,1,
7966,アニバーサリー,https://static-comm.bigolive.tv/as/pgc-live-manage/4hd/2jaPWH.png,10000,
8048,四つ葉,https://static-comm.bigolive.tv/as/pgc-live-manage/4hd/1nellX.png,1,
8068,الفهد الملكي,https://static-comm.bigolive.tv/as/pgc-live-manage/4hd/1Jngjs.png,9999,
8071,Actor Dino,https://static-comm.bigolive.tv/as/pgc-live-manage/4hd/0AvIDQ.png,3000,
8078,6.1Water Gun,https://static-comm.bigolive.tv/as/pgc-live-manage/4hd/2UEtqD.png,1,
8085,6.1 Play Togather,https://static-comm.bigolive.tv/as/pgc-live-manage/4hd/1K6j3s.png,100,
8129,الحسام,https://static-comm.bigolive.tv/as/pgc-live-manage/4hd/1caRQR.png,100,
8137,999 Roses,https://static-comm.bigolive.tv/as/pgc-live-manage/4h2/M0C/37/A3/ChIRAF8NM7aIfKz4AADbO2wNnVwAAWS2ABPV30AANtT520.png,500,
8139,龍舟寶寶,https://static-comm.bigolive.tv/as/pgc-live-manage/4hd/1z7WAf.png,10,
8166,Crush,https://static-comm.bigolive.tv/as/pgc-live-manage/4h2/26lnKs.png,100,
8188,お面,https://static-comm.bigolive.tv/as/pgc-live-manage/4hd/0PWmes.png,1,
8191,天狗GOちゃん,https://static-comm.bigolive.tv/as/pgc-live-manage/4hd/0bj0Lc.png,1600,
8192,九尾の狐GOちゃん,https://static-comm.bigolive.tv/as/pgc-live-manage/4hd/1Sgn8g.png,1800,
8193,絵馬書きGOちゃん,https://static-comm.bigolive.tv/as/pgc-live-manage/4hd/0w44hv.png,100,
8194,百GO夜行,https://static-comm.bigolive.tv/as/pgc-live-manage/4hd/0w5VVX.png,3999,
8211,撲克牌之神,https://static-comm.bigolive.tv/as/pgc-live-manage/4hc/0PFaTJ.png,999,
8212,股票漲停板,https://static-comm.bigolive.tv/as/pgc-live-manage/4hb/2VyUwK.png,100,
8220,SVIP,https://static-comm.bigolive.tv/as/pgc-live-manage/4hd/2eW1pz.png,8888,
8238,Blunt,https://static-comm.bigolive.tv/as/pgc-live-manage/4hd/1gH1bn.png,9999,
8308,🏳️‍⚧️Taliyah🏀,https://static-comm.bigolive.tv/as/pgc-live-manage/4hd/06uUIL.png,1000,
8321,Superman,https://static-comm.bigolive.tv/as/pgc-live-manage/4hd/0guZwO.png,3000,
8345,책읽는 디노,https://static-comm.bigolive.tv/as/pgc-live-manage/4hd/1H86eH.png,5,
8349,七夕喜鵲,https://static-comm.bigolive.tv/as/pgc-live-manage/4hd/0uWY6R.png,5,
8371,Shopaholic,https://static-comm.bigolive.tv/as/pgc-live-manage/4hd/2zcSR3.png,100,
8373,Shopping Cart,https://static-comm.bigolive.tv/as/pgc-live-manage/4hd/0oe4At.png,1,
8385,BNM,https://static-comm.bigolive.tv/as/pgc-live-manage/4hd/2ktxxI.png,1,
8387,Box of Wonder,https://static-comm.bigolive.tv/as/pgc-live-manage/4hd/2w77AK.png,100,
8395,달달한 곶감,https://static-comm.bigolive.tv/as/pgc-live-manage/4hd/2lDffI.png,2,
8396,쫀득한 약과,https://static-comm.bigolive.tv/as/pgc-live-manage/4hd/2wOrxi.png,5,
8401,月光愛人,https://static-comm.bigolive.tv/as/pgc-live-manage/4hd/1Cg694.png,100,
8409,Enigma Crate,https://static-comm.bigolive.tv/as/pgc-live-manage/4hd/2tb0Bh.png,10,
8447,김치싸대기,https://static-comm.bigolive.tv/as/pgc-live-manage/4hd/1yura8.png,5000,
8454,HELLO BIGO,https://static-comm.bigolive.tv/as/pgc-live-manage/lpsz/1wHeDj00y33lYHC0EFOoR.png,5,
8461,千万両猫,https://static-comm.bigolive.tv/as/pgc-live-manage/4hd/0CC0ZS.png,1000,
8462,一息わんこ,https://static-comm.bigolive.tv/as/pgc-live-manage/4hd/0ssiiO.png,1000,
8513,인생한방 라이트,https://static-comm.bigolive.tv/as/pgc-live-manage/4hd/16uu2M.png,200,
8515,JeweIry,https://static-comm.bigolive.tv/as/pgc-live-manage/3s3/1qgVOF.png,1,
8521,Birthday Party Cake,https://static-comm.bigolive.tv/as/pgc-live-manage/4hb/0xtYV9.png,3000,
8529,MEBA,https://static-comm.bigolive.tv/as/pgc-live-manage/4hb/01CTvT.png,9999,
8563,Cyber Dragon,https://static-comm.bigolive.tv/as/pgc-live-manage/4hc/1fqFxY.png,100,
8565,Box of Extreme,https://static-comm.bigolive.tv/as/pgc-live-manage/4hb/0cYFXQ.png,100,
8573,Lucky Streak,https://static-comm.bigolive.tv/as/pgc-live-manage/4hc/1bnFVu.png,3000,
8610,J⁷⁸⁶🏆Cbye,https://static-comm.bigolive.tv/as/pgc-live-manage/4hc/0mZEWl.png,1606,
8648,🌟いて,https://static-comm.bigolive.tv/as/pgc-live-manage/7h1/M0D/3A/F5/tPobAF3c1SaIWh6qAAB2FqBJlcAABVHRgL-jicAAHYu961.png,1,
8669,IKANG,https://static-comm.bigolive.tv/as/pgc-live-manage/4hb/1jhiak.png,1,
8676,Family adventur match,https://static-comm.bigolive.tv/as/pgc-live-manage/4hd/23XhZW.png,1,
8692,العرش الذهبى,https://static-comm.bigolive.tv/as/pgc-live-manage/4hb/0VcHQg.png,5000,
8697,사쿠란보,https://static-comm.bigolive.tv/as/pgc-live-manage/4hb/0kwIiY.png,5000,
8700,디노투,https://static-comm.bigolive.tv/as/pgc-live-manage/4hb/0htIMc.png,20000,
8707,💓Luxury car,https://static-comm.bigolive.tv/as/pgc-live-manage/4hd/03K809.png,1000,
8721,M.S,https://static-comm.bigolive.tv/as/pgc-live-manage/4hb/03CSJv.png,10000,
8726,바선생🙉,https://static-comm.bigolive.tv/as/pgc-live-manage/3s3/112jJlO.png,1999,
8728,Changg🖤,https://static-comm.bigolive.tv/as/pgc-live-manage/4hb/0mPaHY.png,6999,
8784,U6886,https://static-comm.bigolive.tv/as/pgc-live-manage/4hb/0AB9kT.png,5000,
8804,GORA✨,https://static-comm.bigolive.tv/as/pgc-live-manage/4hb/2iuqPu.png,1000,
8812,Shining Christmas trees,https://static-comm.bigolive.tv/as/pgc-live-manage/4hc/2iJy3z.png,100,
8821,Trophy,https://static-comm.bigolive.tv/as/pgc-live-manage/4hc/0g9ynt.png,1000,
8838,I ♡ U,https://static-comm.bigolive.tv/as/pgc-live-manage/4hd/2GH1lRB.png,10000,
8860,Cat Lovers,https://static-comm.bigolive.tv/as/pgc-live-manage/4hd/125zgRh.png,100,
8935,Magic Hat,https://static-comm.bigolive.tv/as/pgc-live-manage/4hd/16Bb3qE.png,500,
9013,Horn,https://static-comm.bigolive.tv/as/pgc-live-manage/4hc/1y3N2x.png,1,
9027,Glory dragon,https://static-comm.bigolive.tv/as/pgc-live-manage/4hd/19IOyiA.png,3000,
9033,طائر العنقاء,https://static-comm.bigolive.tv/as/pgc-live-manage/4hc/28xJgj.png,100,
9137,Dilnora77,https://static-comm.bigolive.tv/as/pgc-live-manage/4hb/2quZFA.png,9999,
9138,inttes1,https://static-comm.bigolive.tv/as/pgc-live-manage/4hb/1TeJLb.png,1,
9139,inttes2,https://static-comm.bigolive.tv/as/pgc-live-manage/4hc/1fqFxY.png,2,
9140,inttes3,https://static-comm.bigolive.tv/as/pgc-live-manage/4hb/0bby9s.png,3,
9160,Mystery Bullet,https://static-comm.bigolive.tv/as/pgc-live-manage/4hd/1GVHggl.png,100,
9162,Gaming headset,https://static-comm.bigolive.tv/as/pgc-live-manage/4hc/1mxQA0.png,50,
9191,Balloon Wedding,https://static-comm.bigolive.tv/as/pgc-live-manage/4hc/0BZiwL.png,2000,
9193,Romantic Ocean,https://static-comm.bigolive.tv/as/pgc-live-manage/4hb/2EHMt5.png,3000,
9195,🎈Solo Dance,https://static-comm.bigolive.tv/as/pgc-live-manage/4h8/15I7BJ.png,5000,
9197,Dragon Throne,https://static-comm.bigolive.tv/as/pgc-live-manage/4hb/14rExq.png,6666,
9199,Dragon Wings,https://static-comm.bigolive.tv/as/pgc-live-manage/4hb/1dQq8g.png,10000,
9201,Romantic Castle,https://static-comm.bigolive.tv/as/pgc-live-manage/4hc/0l9QQm.png,20000,
9249,幸せゴー,https://static-comm.bigolive.tv/as/pgc-live-manage/4hd/21I6rcy.png,9999,
9252,8th Anniv. Lion,https://static-comm.bigolive.tv/as/pgc-live-manage/4hb/1uJ3Zp.png,1000,
9256,Invincible Leopard,https://static-comm.bigolive.tv/as/pgc-live-manage/4hd/25MqVs8.png,1777,
9257,Wings of Strength,https://static-comm.bigolive.tv/as/pgc-live-manage/4hb/1p90g1.png,1000,
9258,Lucky wind chimes,https://static-comm.bigolive.tv/as/pgc-live-manage/4hb/2eEqpg.png,500,
9265,THE DREBABY,https://static-comm.bigolive.tv/as/pgc-live-manage/4hb/2qRylQ.png,1190,
9271,Glass Heel,https://static-comm.bigolive.tv/as/pgc-live-manage/4hb/1Cg90v.png,1,
9321,NEW BOSS,https://static-comm.bigolive.tv/as/pgc-live-manage/4hd/22MOhit.png,2000,
9329,예쁘다람쥐 🐿,https://static-comm.bigolive.tv/as/pgc-live-manage/4hd/1AULhWp.png,1,
500014,Rainbow Smooch,https://static-comm.bigolive.tv/as/pgc-live-manage/4hb/1q7OC7.png,1,
500016,Pride Blast,https://static-comm.bigolive.tv/as/pgc-live-manage/4hb/0qsast.png,100,
500019,💰Power Glove,https://static-comm.bigolive.tv/as/pgc-live-manage/4hd/0RifcKj.png,1,
500050,BB SQUAD,https://static-comm.bigolive.tv/as/pgc-live-manage/4hb/04pPkZ.png,1000,
500086,キングfam,https://static-comm.bigolive.tv/as/pgc-live-manage/4hc/11s9ynar14Xb.png,1,
500097,シートリップfam,https://static-comm.bigolive.tv/as/pgc-live-manage/4hd/21s9yrt1NTROC.png,3999,
500098,かけっこfam,https://static-comm.bigolive.tv/as/pgc-live-manage/4hc/21s9ytdqsazb.png,5999,
500099,スカイfam,https://static-comm.bigolive.tv/as/pgc-live-manage/4hc/11s9ypWoz2EC.png,500,
500108,곡괭이 디노,https://static-comm.bigolive.tv/as/pgc-live-manage/4hc/21sBPcaJmQk5.png,1,
500116,Beast Summoning,https://static-comm.bigolive.tv/as/pgc-live-manage/4hc/11sCFrAqiZWt.png,10000,
500138,あい🐣Love,https://static-comm.bigolive.tv/as/pgc-live-manage/4hb/01sCfI2r2EEa.png,100,
500143,沁涼冰粽,https://static-comm.bigolive.tv/as/pgc-live-manage/4hb/21sDJISphd7m.png,5,
500233,百萬金豆入場券,https://static-comm.bigolive.tv/as/pgc-live-manage/4hb/21sJ6lpzdkSY.png,1,
500245,👑GALA Cannon,https://static-comm.bigolive.tv/as/pgc-live-manage/4hb/11sJPD97SETN.png,30,
500247,골든 네잎클로버,https://static-comm.bigolive.tv/as/pgc-live-manage/4hd/1nellX.png,1,
500251,X-BOX,https://static-comm.bigolive.tv/as/pgc-live-manage/4hb/01sKd0gwwouD.png,20,
500256,Одинокий волк,https://static-comm.bigolive.tv/as/pgc-live-manage/7h6/M0E/0F/14/6vsbAF5KkkWICMkqAAAwNauldP0AAK6DgNml9wAADBN064.png,1777,
500259,🐶백구페이스,https://static-comm.bigolive.tv/as/pgc-live-manage/4hc/11sKZvbtQLOJ.png,109,
500260,Language,https://static-comm.bigolive.tv/as/pgc-live-manage/7h1/M01/23/01/s_obAFx2XzCIacrEAAC6ZrMf-fYAAFoeAEAUlEAALp-448.png,1,
500262,Hot-air Ballon,https://static-comm.bigolive.tv/as/pgc-live-manage/7h1/M0E/4F/57/svobAFyAijuIUKCEAACYFuJrhMoAAHMzAAOmx8AAJgu467.png,1,
500263,Chrismas tree,https://static-comm.bigolive.tv/as/pgc-live-manage/g2/M02/08/18/nXfpA1wY3CiIKu3QAACXcn6prhMAAcqpAGdInsAAJeK930.png,10,
500264,Pumpkin,https://static-comm.bigolive.tv/as/pgc-live-manage/g1/M0B/07/C2/nXfpBFn4J1-IRAfKAAAhuC26-xQAAMHTgDRvgQAACHQ794.png,5,
500265,LION OF PUNJAB,https://static-comm.bigolive.tv/as/pgc-live-manage/7h2/M0E/2F/80/8PobAF2eBm-ION59AABb0epdY_QAA0JZAImkI0AAFvp352.png,1,
500266,SINGH,https://static-comm.bigolive.tv/as/pgc-live-manage/g1/M0A/0A/0F/LXz8F1qdBkSII1qPAAAmwY-W588AAPtMgGuWQMAACbZ084.png,5,
500267,Chocolate,https://static-comm.bigolive.tv/as/pgc-live-manage/g2/M09/1D/AF/CIAIAFxFSjGINtd0AABpsJPzl-MAAf21QC77x4AAGnI059.png,5,
500268,Solar energy,https://static-comm.bigolive.tv/as/pgc-live-manage/g2/M02/04/49/LXz8GFmBQ9qIclFXAAApKUz3MH8AAJqCQCjfesAAClB773.png,10,
500291,口令礼物测试,https://static-comm.bigolive.tv/as/pgc-live-manage/4hb/01sMKAxP1C2T.png,10,
500322,变脸礼物编辑,https://static-comm.bigolive.tv/as/pgc-live-manage/4hb/11sMklBDXa1q.jpeg,1,
500326,🎀True Love Gift Box,https://static-comm.bigolive.tv/as/pgc-live-manage/4hb/21sMOnJIzcyv.png,1,
500333,变脸礼物复制,https://static-comm.bigolive.tv/as/pgc-live-manage/4hb/21sMO0XIyKHv.png,1,
500342,Matrix,https://static-comm.bigolive.tv/as/pgc-live-manage/4hc/01sMSGsGHXev.png,1000,
500348,Bluelover,https://static-comm.bigolive.tv/as/pgc-live-manage/7h6/M05/90/5D/6fsbAF5cVt2IWVaDAAAkuC2L1BcAASFlQFx_mgAACTQ889.png,8,
500350,Banknote Toy,https://static-comm.bigolive.tv/as/pgc-live-manage/7h5/M02/E2/2D/qvsbAF5dyzOICslMAAAco0ddiaYAA3Q1AG5Ad4AABy7205.png,800,
500351,Heart Gift Box,https://static-comm.bigolive.tv/as/pgc-live-manage/4h8/2bwQP5.png,400,
500367,NEWBOSS,https://static-comm.bigolive.tv/as/pgc-live-manage/4hd/01sOvxsWpNs5H.png,5000,
500398,Gem Dragon,https://static-comm.bigolive.tv/as/pgc-live-manage/4hd/11sQpXw5Stiyu.png,9999,
500399,Magma Charizard,https://static-comm.bigolive.tv/as/pgc-live-manage/4hd/11sQpbi5Stly8.png,5000,
500402,Griffin,https://static-comm.bigolive.tv/as/pgc-live-manage/4hd/21sQppo1P8swy.png,999,
500404,Dragon Bubble,https://static-comm.bigolive.tv/as/pgc-live-manage/4hd/11sQpvuLi9IZG.png,399,
500406,Magic Wheel,https://static-comm.bigolive.tv/as/pgc-live-manage/3s4/2KjZHk.png,500,
500411,Franchir la ligne,https://static-comm.bigolive.tv/as/pgc-live-manage/4hd/01sR4oluEjzsU.png,5,
500413,Survolez le Panthéon !,https://static-comm.bigolive.tv/as/pgc-live-manage/4hd/01sR4YbuEio16.png,500,
500415,King Amari,https://static-comm.bigolive.tv/as/pgc-live-manage/4hd/01sRpGB4PEHc1.png,999,
500419,Love Letter,https://static-comm.bigolive.tv/as/pgc-live-manage/4hd/01sTI2l9Uwqak.png,10,
500426,祝福壽桃,https://static-comm.bigolive.tv/as/pgc-live-manage/4hd/11sTcg76U2Noc.png,299,
500462,BigWin 토파즈,https://static-comm.bigolive.tv/as/pgc-live-manage/4hc/01sdlcls9qL0.png,10,
500473,💐Starry Love,https://static-comm.bigolive.tv/as/pgc-live-manage/4hd/01sZPKjLjXBqS.png,20000,
500480,ライブGOちゃん,https://static-comm.bigolive.tv/as/pgc-live-manage/lpsy/1wCELU00y2TWPL01OL0VC.png,5,
500485,GW BIちゃん,https://static-comm.bigolive.tv/as/pgc-live-manage/lpsy/1wAlIz00y2TWPL00HiGqs.png,10,
500500,Family Shield,https://static-comm.bigolive.tv/as/pgc-live-manage/4h5/2BReAK.png,10,
500543,Dance Begins,https://static-comm.bigolive.tv/as/pgc-live-manage/4hd/01snqvE5VtsqW.png,3000,
500547,Secret Shell,https://static-comm.bigolive.tv/as/pgc-live-manage/4hd/01sirIb6WF2Cc.png,100,
500577,Brilliant fireworks,https://static-comm.bigolive.tv/as/pgc-live-manage/4hd/21sfxB36Z8v92.png,999,
500578,BIGO Fireworks,https://static-comm.bigolive.tv/as/pgc-live-manage/4hc/01sfxHrletRg.png,1500,
500579,City fireworks,https://static-comm.bigolive.tv/as/pgc-live-manage/4hc/01sfxUuwq9A8.png,3000,
500580,골든 링,https://static-comm.bigolive.tv/as/pgc-live-manage/4hc/11sl1HryHFdz.png,1,
500581,골든 777,https://static-comm.bigolive.tv/as/pgc-live-manage/4hb/11sl1Lpn1uog.png,177,
500582,골든 헬리콥터,https://static-comm.bigolive.tv/as/pgc-live-manage/4hb/21sl1POO6xC5.png,1777,
500583,골든 라운지,https://static-comm.bigolive.tv/as/pgc-live-manage/4hc/01sl1Rz3MAcR.png,5000,
500591,BIGG Shmoney,https://static-comm.bigolive.tv/as/pgc-live-manage/4hc/2TPue4.png,1000,
500592,PerfectVision Hat,https://static-comm.bigolive.tv/as/pgc-live-manage/4hb/21slbmxJ7Hs9.png,100,
500593,👑BIG TWENTY👑,https://static-comm.bigolive.tv/as/pgc-live-manage/4hb/21slbuM8w6EZ.png,1000,
500619,Talented Treasure,https://static-comm.bigolive.tv/as/pgc-live-manage/4hb/01soXicGhp3q.png,299,
500622,ズキュン!,https://static-comm.bigolive.tv/as/pgc-live-manage/4hc/21soDvX2hfkk.png,9000,
500623,Spotlight Star,https://static-comm.bigolive.tv/as/pgc-live-manage/4hc/11sodCn3k5rM.png,1999,
500626,DireWolves 🐺,https://static-comm.bigolive.tv/as/pgc-live-manage/4he/11sos2bVelR5.png,1000,
500644,奶糖糖的大獅子🦁,https://static-comm.bigolive.tv/as/pgc-live-manage/4he/01sqoIV4VEVW.png,10233,
500648,콩으로 부자돼지,https://static-comm.bigolive.tv/as/pgc-live-manage/4hc/21ssf2JKG3J9.png,100,
500666,🎃Jack-O'-Lantern,https://static-comm.bigolive.tv/as/pgc-live-manage/3s2/0sDYKf.png,10,
500670,Ryū🎋Purotekutā,https://static-comm.bigolive.tv/as/pgc-live-manage/4he/01svOqR5Dseu.png,1000,
500691,Dragon Wishing Orb,https://static-comm.bigolive.tv/as/pgc-live-manage/4he/21t1gut5pw2b.png,100,
500692,Wishing Bottle,https://static-comm.bigolive.tv/as/pgc-live-manage/4he/11t1h0w3vp1J.png,20,
500694,Wishing Slip,https://static-comm.bigolive.tv/as/pgc-live-manage/4he/21t1h8MH1DcZ.png,10,
500697,Ace of Diamonds - 👑Sky Gate,https://static-comm.bigolive.tv/as/pgc-live-manage/4he/11t1zrh31ro0.png,1000,
500699,👑Sky Gate,https://static-comm.bigolive.tv/as/pgc-live-manage/4he/21t1zysSJj5j.png,1000,
500703,👑Sky Gate,https://static-comm.bigolive.tv/as/pgc-live-manage/4he/11t204s75yqi.png,1000,
500705,👑Sky Gate,https://static-comm.bigolive.tv/as/pgc-live-manage/4he/11t207fNLF64.png,1000,
500711,👑BETA MEDYA👑,https://static-comm.bigolive.tv/as/pgc-live-manage/4hd/11t20Oz6amaxQ.png,1000,
500713,👑Sky Gate,https://static-comm.bigolive.tv/as/pgc-live-manage/4hd/01t20RxLnf9b4.png,1000,
500715,👑Sky Gate,https://static-comm.bigolive.tv/as/pgc-live-manage/4he/11t20XNCBDCd.png,1000,
500717,👑Sky Gate,https://static-comm.bigolive.tv/as/pgc-live-manage/4hd/21t20db6bBYk2.png,1000,
500719,👑Sky Gate,https://static-comm.bigolive.tv/as/pgc-live-manage/4he/21t20rrMDruG.png,1000,
500721,👑Sky Gate,https://static-comm.bigolive.tv/as/pgc-live-manage/4he/21t211FMDthe.png,1000,
500727,👑Sky Gate - BLUNT 💮,https://static-comm.bigolive.tv/as/pgc-live-manage/4hd/21t22lGLqQ21q.png,1000,
500729,👑Sky Gate,https://static-comm.bigolive.tv/as/pgc-live-manage/4he/01t22pjSpFVv.png,1000,
500731,👑Sky Gate,https://static-comm.bigolive.tv/as/pgc-live-manage/4he/11t2iLkBQXkk.png,1000,
500736,Skeleton Dancer,https://static-comm.bigolive.tv/as/pgc-live-manage/4hd/01t243C9bUMPA.png,100,
500738,Halloween Party,https://static-comm.bigolive.tv/as/pgc-live-manage/4he/11t245s33JsC.png,1000,
500755,引流横幅跳转冠名直播间礼物,https://static-comm.bigolive.tv/as/pgc-live-manage/4he/01t39EM5mndP.png,5,
500777,💓Romantic Castle,https://static-comm.bigolive.tv/as/pgc-live-manage/4hc/0NpnfR.png,59999,
500781,单头像冠名直播间礼物,https://static-comm.bigolive.tv/as/pgc-live-manage/4he/01t39EM5mndP.png,5,
500789,MATRIX,https://static-comm.bigolive.tv/as/pgc-live-manage/4he/21t5idtOMou4.png,100,
500791,Sweet Moment,https://static-comm.bigolive.tv/as/pgc-live-manage/4hd/01t5zaK1Tqi6y.png,2999,
500793,Kimsin0134,https://static-comm.bigolive.tv/as/pgc-live-manage/4he/01t6LcUwf1q6.png,5000,
500811,Green‘s Car,https://static-comm.bigolive.tv/as/pgc-live-manage/4hc/2TPue4.png,1000,
500822,💐Castle Rendezvous,https://static-comm.bigolive.tv/as/pgc-live-manage/4he/11t8adU9FE1K.png,20000,
500826,I love you❤️,https://static-comm.bigolive.tv/as/pgc-live-manage/7h5/M0E/35/5A/qvsbAF5D-yqIafraAAA4R8cDAJUAAKrRgCvp_kAADhf313.png,2099,
500827,Cyberpunk car,https://static-comm.bigolive.tv/as/pgc-live-manage/4he/01t9Juv9f27Q.png,1000,
500828,Laser style cake,https://static-comm.bigolive.tv/as/pgc-live-manage/4hb/21t9JxXqrIG6.png,500,
500829,Scorpio map,https://static-comm.bigolive.tv/as/pgc-live-manage/4hb/01t9K0E15pxn.png,200,
500833,Constellation disk,https://static-comm.bigolive.tv/as/pgc-live-manage/4he/21t9Lgl51Kft.png,50,
500837,Cyberpunk gift box,https://static-comm.bigolive.tv/as/pgc-live-manage/4he/21t9NJ4C8uuw.png,100,
500839,Romantic gift box,https://static-comm.bigolive.tv/as/pgc-live-manage/4hb/11tB4fhw9w30.png,50,
500840,Vehicle keys,https://static-comm.bigolive.tv/as/pgc-live-manage/4hb/01tB4hnzQXcJ.png,50,
500841,Private plane,https://static-comm.bigolive.tv/as/pgc-live-manage/4he/21tB4lP9XLVW.png,2000,
500842,Fantasy Playground,https://static-comm.bigolive.tv/as/pgc-live-manage/4hb/01tB4pDIjsge.png,1000,
500849,diamond ring,https://static-comm.bigolive.tv/as/pgc-live-manage/4he/01tCyPNKjLMZ.png,10,
500851,Romantic carriage,https://static-comm.bigolive.tv/as/pgc-live-manage/4he/01tCyqcazlNH.png,100,
500852,Romantic train,https://static-comm.bigolive.tv/as/pgc-live-manage/4hc/21tCyt8zYrB1.png,999,
500853,Underwater world,https://static-comm.bigolive.tv/as/pgc-live-manage/4he/21tCyuKE2G8F.png,500,
500855,Peerless Sword,https://static-comm.bigolive.tv/as/pgc-live-manage/4he/21tDKg593El8.png,100,
500856,fountain,https://static-comm.bigolive.tv/as/pgc-live-manage/4hc/21tDKi3wZmpm.png,20,
500857,Golden Rose,https://static-comm.bigolive.tv/as/pgc-live-manage/4he/01tDKk8KpbIl.png,100,
500858,Gold,https://static-comm.bigolive.tv/as/pgc-live-manage/4he/21tDKmzVPcCv.png,10,
500861,Gold Coin Train,https://static-comm.bigolive.tv/as/pgc-live-manage/4he/11tDL137PQd7.png,999,
500862,Knight Guard,https://static-comm.bigolive.tv/as/pgc-live-manage/4he/21tDbwh96oyD.png,5000,
500866,Ngôi sao tiềm năng,https://static-comm.bigolive.tv/as/pgc-live-manage/4he/11tDz399cF3n.webp,1,
500868,Pháo hoa rực rỡ,https://static-comm.bigolive.tv/as/pgc-live-manage/4he/21tDzGyEIFUY.png,50,
500870,Mũi tên tình yêu,https://static-comm.bigolive.tv/as/pgc-live-manage/4he/21tDzOdz325U.png,500,
500882,Christmas Tree,https://static-comm.bigolive.tv/as/pgc-live-manage/g2/M02/08/18/nXfpA1wY3CiIKu3QAACXcn6prhMAAcqpAGdInsAAJeK930.png,10,
500887,Влюбленные,https://static-comm.bigolive.tv/as/pgc-live-manage/4he/11tGCsNAD0Tb.png,10,
500889,Император,https://static-comm.bigolive.tv/as/pgc-live-manage/4he/11tGCo7ADyND.png,200,
500890,Солнце,https://static-comm.bigolive.tv/as/pgc-live-manage/4he/21tGCXN7mfwt.png,500,
500891,Мир,https://static-comm.bigolive.tv/as/pgc-live-manage/4hc/01tGCmnGBS0e.png,1000,
500898,Authority Crown,https://static-comm.bigolive.tv/as/pgc-live-manage/4he/21tGGVUEvBoY.png,5,
500899,Supreme Throne,https://static-comm.bigolive.tv/as/pgc-live-manage/4he/21tGGWYzgxAs.png,500,
500900,Lion Knight,https://static-comm.bigolive.tv/as/pgc-live-manage/4he/21tGGZGL2KtB.png,5000,
500902,Supreme Sword,https://static-comm.bigolive.tv/as/pgc-live-manage/4he/01tGGhhFXRuF.png,300,
500903,Golden Ride,https://static-comm.bigolive.tv/as/pgc-live-manage/4hc/11tGGipSdDl5.png,999,
500904,Glory Peak,https://static-comm.bigolive.tv/as/pgc-live-manage/4hc/01tGGri40C9M.png,1777,
500905,Overlord,https://static-comm.bigolive.tv/as/pgc-live-manage/4he/01tGGuGEWVmA.png,5000,
500906,sceptre,https://static-comm.bigolive.tv/as/pgc-live-manage/4he/11tGGzORWire.png,500,
500907,Supreme Lion,https://static-comm.bigolive.tv/as/pgc-live-manage/4hc/21tGH1dqzu7s.png,1000,
500909,Passionate Lovers,https://static-comm.bigolive.tv/as/pgc-live-manage/4h5/1LqigK.png,2500,
500911,Gold Champagne,https://static-comm.bigolive.tv/as/pgc-live-manage/4hd/11tGwsQ4ZpTZP.png,20,
500912,Jewel Box,https://static-comm.bigolive.tv/as/pgc-live-manage/4he/11tGwujGYLWp.png,100,
500916,Gold Mask,https://static-comm.bigolive.tv/as/pgc-live-manage/4he/11tGy5Fcu3QT.png,10,
500917,Rose Wine Goblet,https://static-comm.bigolive.tv/as/pgc-live-manage/4he/21tGy61LFgnB.png,100,
500918,Dinner Party,https://static-comm.bigolive.tv/as/pgc-live-manage/4he/21tGy7N71TSJ.png,999,
500919,Musical Note,https://static-comm.bigolive.tv/as/pgc-live-manage/4hd/21tGy8X4Zpwiz.png,10,
500920,Gilded Pistol,https://static-comm.bigolive.tv/as/pgc-live-manage/4he/21tGy9IE8cFM.png,50,
500921,Diamond Book,https://static-comm.bigolive.tv/as/pgc-live-manage/4he/11tGyAkASgFb.png,300,
500922,Diamond Book,https://static-comm.bigolive.tv/as/pgc-live-manage/4hd/21tGyC0Gl1AMx.png,999,
500926,شاورما,https://static-comm.bigolive.tv/as/pgc-live-manage/4he/21tI3ayANmsD.png,10,
500928,قطايف رمضان,https://static-comm.bigolive.tv/as/pgc-live-manage/4he/21tI3dU7KkuO.png,10,
500987,Eko Bey,https://static-comm.bigolive.tv/as/pgc-live-manage/4he/01tIjCcBDNZK.png,1000,
500988,HORUS MEDYA,https://static-comm.bigolive.tv/as/pgc-live-manage/4he/01tIjDhGISzp.png,500,
500989,Eko Bey,https://static-comm.bigolive.tv/as/pgc-live-manage/4he/01tIjGr79Ke0.png,1000,
500990,HORUS MEDYA,https://static-comm.bigolive.tv/as/pgc-live-manage/4he/21tIjIrBcDWW.png,500,
500995,Golden Chest,https://static-comm.bigolive.tv/as/pgc-live-manage/4he/01tJ28aMVI6N.png,100,
500996,Money Tree,https://static-comm.bigolive.tv/as/pgc-live-manage/4he/11tJ2A4SNLdq.png,50,
500997,Bill,https://static-comm.bigolive.tv/as/pgc-live-manage/4hd/21tJ2H34a8QO1.png,10,
500998,Golden Elephant,https://static-comm.bigolive.tv/as/pgc-live-manage/4he/01tJ2HwAJ9Cn.png,500,
500999,Luxury Helicopter,https://static-comm.bigolive.tv/as/pgc-live-manage/4he/01tJ2J4MVLix.png,2000,
501000,Gold Pile,https://static-comm.bigolive.tv/as/pgc-live-manage/4he/01tJ2KHFOEzw.png,10,
501001,Sniper,https://static-comm.bigolive.tv/as/pgc-live-manage/4hd/11tJ2LP2Y5B4J.png,200,
501004,🩵 华 伤 🩷,https://static-comm.bigolive.tv/as/pgc-live-manage/3s3/2gOqA2.png,5000,
501022,Golden Box,https://static-comm.bigolive.tv/as/pgc-live-manage/4he/01tJWeDXqKMj.png,50,
501024,SUV,https://static-comm.bigolive.tv/as/pgc-live-manage/4he/11tJWhMDJxa2.png,1000,
501025,Castle,https://static-comm.bigolive.tv/as/pgc-live-manage/4he/11tJWigCIx7W.png,2000,
501027,Gem Ring,https://static-comm.bigolive.tv/as/pgc-live-manage/4he/01tJWk5MfCIZ.png,5,
501028,Gem Earrings,https://static-comm.bigolive.tv/as/pgc-live-manage/4he/21tJWlgcKGDf.png,100,
501029,Gem Necklace,https://static-comm.bigolive.tv/as/pgc-live-manage/4he/01tJWmxBU13u.png,200,
501030,Dressing Table,https://static-comm.bigolive.tv/as/pgc-live-manage/4hd/21tJWoz1X8MNm.png,1000,
501031,Crowned Goddess,https://static-comm.bigolive.tv/as/pgc-live-manage/4he/21tJWq2XFDZ9.png,2000,
501032,Gem Earrings,https://static-comm.bigolive.tv/as/pgc-live-manage/4he/01tJXeQ0KCsI.png,100,
501036,My hero,https://static-comm.bigolive.tv/as/pgc-live-manage/7h3/M08/A6/59/LvsbAF1BVLWIS64yAAD-5WEQBgIAAZKaAOicxgAAP79311.png,2888,
501038,Summer Suitcase,https://static-comm.bigolive.tv/as/pgc-live-manage/4hb/0CIdlk.png,100,
501039,Shaved Ice,https://static-comm.bigolive.tv/as/pgc-live-manage/4hc/1Urb3v.png,1,
501044,Kralın Aracı,https://static-comm.bigolive.tv/as/pgc-live-manage/4he/01tM2lgCI7yi.png,19999,
501045,Kurt Kralı,https://static-comm.bigolive.tv/as/pgc-live-manage/4he/21tM2ZVSw7DS.png,5999,
501046,2026,https://static-comm.bigolive.tv/as/pgc-live-manage/lpsy/1va2Y300y33lYHC01Kpqx.png,399,
501048,Happy New Year,https://static-comm.bigolive.tv/as/pgc-live-manage/lpsz/1vamnC00y2TWPL00rBwhY.png,5000,
501049,Merry Christmas,https://static-comm.bigolive.tv/as/pgc-live-manage/4he/01tM3tCNTf0N.png,5000,
501050,Gift Boxes,https://static-comm.bigolive.tv/as/pgc-live-manage/lpsz/1vamnj00y33lYHC25NRQa.png,999,
501051,Snow Globe,https://static-comm.bigolive.tv/as/pgc-live-manage/4he/01tM3vSSYluq.png,999,
501052,Snowflake,https://static-comm.bigolive.tv/as/pgc-live-manage/4he/11tM3x0OHczZ.png,500,
501053,Golden Box,https://static-comm.bigolive.tv/as/pgc-live-manage/4he/21tM3xxHmPP3.png,500,
501054,Disco,https://static-comm.bigolive.tv/as/pgc-live-manage/4h7/2KMPki.png,199,
501096,Christmas Tree,https://static-comm.bigolive.tv/as/pgc-live-manage/4hd/21tO9wR5bihmK.png,50,
501097,Snowflakes,https://static-comm.bigolive.tv/as/pgc-live-manage/4he/21tOAErC4yPb.png,10,
501098,Santa,https://static-comm.bigolive.tv/as/pgc-live-manage/4he/21tOAGOC4y0P.png,300,
501099,Winter Snowball,https://static-comm.bigolive.tv/as/pgc-live-manage/4hd/11tOAHf5bhU68.png,999,
501112,Christmas Apple,https://static-comm.bigolive.tv/as/pgc-live-manage/4he/11tOBs0ZrtML.png,1,
501113,Elk deer,https://static-comm.bigolive.tv/as/pgc-live-manage/4he/01tOBsrDidJ2.png,10,
501114,Santa Claus,https://static-comm.bigolive.tv/as/pgc-live-manage/4he/21tOBtiD6QZK.png,100,
501115,Christmas,https://static-comm.bigolive.tv/as/pgc-live-manage/4he/21tOBve92NGm.png,500,
501118,Christmas Apple,https://static-comm.bigolive.tv/as/pgc-live-manage/4he/21tOCT4E7bFo.png,5,
501126,Marry Me,https://static-comm.bigolive.tv/as/pgc-live-manage/7h5/M05/5A/EF/rPsbAF5GY2SIWGzEAAC4UxqC4lYAAEVigKLnuUAALhr358.png,999,
501129,Hamburger,https://static-comm.bigolive.tv/as/pgc-live-manage/4he/11tPY7fIxaBp.png,1,
501131,Sushi,https://static-comm.bigolive.tv/as/pgc-live-manage/4he/21tPYCz2IEBI.png,1,
501133,Blue Cat,https://static-comm.bigolive.tv/as/pgc-live-manage/4he/01tPYMESKrJG.png,1000,
501135,Eagle,https://static-comm.bigolive.tv/as/pgc-live-manage/4he/01tPYSfNFoyZ.png,1000,
501139,Flower,https://static-comm.bigolive.tv/as/pgc-live-manage/g2/M09/00/AE/nXfpA1hjcFWIOfPLAABawR7L2_oAADcPAASpkMAAFrZ604.png?token=ak_yycall:dqaswszAmgU5p780ijG0Am_9ZAA=:0,1,
501189,Super UFO,https://static-comm.bigolive.tv/as/pgc-live-manage/4hc/0XlMXp.png,200,
501199,Ribbon,https://static-comm.bigolive.tv/as/pgc-live-manage/4he/01tSYSFH03qM.png,5,
501200,Crystal ball,https://static-comm.bigolive.tv/as/pgc-live-manage/4he/01tSYT4H04Nw.png,10,
501201,New Year Envelope,https://static-comm.bigolive.tv/as/pgc-live-manage/4he/01tSYTiZIM69.png,100,
501202,New Year Envelope,https://static-comm.bigolive.tv/as/pgc-live-manage/4he/21tSYW6AHmZy.png,500,
501204,New Year Balloon,https://static-comm.bigolive.tv/as/pgc-live-manage/4he/01tSYaQ2lrUI.png,20,
501205,Countdown,https://static-comm.bigolive.tv/as/pgc-live-manage/4he/01tSYbz9syxy.png,500,
501206,Future Train,https://static-comm.bigolive.tv/as/pgc-live-manage/4he/01tSYd9eNUlT.png,2000,
501207,happy new year,https://static-comm.bigolive.tv/as/pgc-live-manage/4hd/21tSYeJLrIBa4.png,5000,
501209,Retro Motorcycle,https://static-comm.bigolive.tv/as/pgc-live-manage/4he/21tSYqafmNkr.png,1000,
501219,طائر العنقاء,https://static-comm.bigolive.tv/as/pgc-live-manage/4hc/28xJgj.png,100,
501220,👑Archery,https://static-comm.bigolive.tv/as/pgc-live-manage/4hb/2UFkuO.png,100,
501243,Blow bubbles,https://static-comm.bigolive.tv/as/pgc-live-manage/4he/11tSXtcfBD2f.png,100,
501244,Bubbles,https://static-comm.bigolive.tv/as/pgc-live-manage/4hd/11tSYfOGmCosx.png,120,
501246,⏳Motorcycle,https://static-comm.bigolive.tv/as/pgc-live-manage/4he/01tSw7R2rqrI.png,1200,
501248,⏳Rose Castle,https://static-comm.bigolive.tv/as/pgc-live-manage/4he/21tSx51AO54m.png,12000,
501249,⏳Love Yacht,https://static-comm.bigolive.tv/as/pgc-live-manage/4he/21tSxIgaoYDL.png,48000,
501250,⏳Royal Waltz,https://static-comm.bigolive.tv/as/pgc-live-manage/4he/21tSxMFBPB8h.png,96000,
501253,Snowflake,https://static-comm.bigolive.tv/as/pgc-live-manage/4he/01tV8P1AXtc0.png,5,
501254,Winter Rose,https://static-comm.bigolive.tv/as/pgc-live-manage/4he/21tV8Pk3pd9U.png,1,
501255,Winter Earmuffs,https://static-comm.bigolive.tv/as/pgc-live-manage/4hd/01tV8QHWzV1EH.png,4,
501256,Ice rose,https://static-comm.bigolive.tv/as/pgc-live-manage/4hd/21tV8T1uR2CbU.png,100,
501257,Polar bear,https://static-comm.bigolive.tv/as/pgc-live-manage/4he/21tV8ULBxmnV.png,500,
501258,Snowman,https://static-comm.bigolive.tv/as/pgc-live-manage/4he/01tV8anf2RHT.png,25,
501259,Winter Snowglobe,https://static-comm.bigolive.tv/as/pgc-live-manage/4he/01tV8bqIf5OY.png,50,
501260,Fireworks box,https://static-comm.bigolive.tv/as/pgc-live-manage/4hp/1u1kfR29248c8d8c394cf589b1c094f41a467dph.png,5,
501261,Star Wand,https://static-comm.bigolive.tv/as/pgc-live-manage/4he/11tV8eI4Eo7I.png,5,
501262,fireworks,https://static-comm.bigolive.tv/as/pgc-live-manage/4he/01tV8giJg73d.png,1,
501263,Fireball,https://static-comm.bigolive.tv/as/pgc-live-manage/4hd/21tV8hb1Y9KnO.png,4,
501264,Sparkler Stick,https://static-comm.bigolive.tv/as/pgc-live-manage/4he/21tV9KOE16n8.png,25,
501265,star sparkler,https://static-comm.bigolive.tv/as/pgc-live-manage/4he/21tV9LmD06Iz.png,50,
501266,Dawn fireworks,https://static-comm.bigolive.tv/as/pgc-live-manage/4he/21tV9N3D06oz.png,500,
501267,Fireworks Show,https://static-comm.bigolive.tv/as/pgc-live-manage/4he/21tV9O3fSZjH.png,100,
501270,Hot cocoa,https://static-comm.bigolive.tv/as/pgc-live-manage/4he/01tV9SEDbHmz.png,5,
501271,Penguin,https://static-comm.bigolive.tv/as/pgc-live-manage/4he/01tV9StDbHxb.png,100,
501272,Winter hut,https://static-comm.bigolive.tv/as/pgc-live-manage/4he/21tV9To3qyps.png,500,
501273,Wind bell,https://static-comm.bigolive.tv/as/pgc-live-manage/4he/21tV9UmD09M1.png,25,
501274,Gloves,https://static-comm.bigolive.tv/as/pgc-live-manage/4hd/01tV9Vk9c8lPY.png,1,
501275,Snowman,https://static-comm.bigolive.tv/as/pgc-live-manage/4he/01tV9WFDbJEP.png,4,
501276,Scarf,https://static-comm.bigolive.tv/as/pgc-live-manage/4hd/11tV9a04bBAkz.png,50,
501277,❤️Queen Esra❤️,https://static-comm.bigolive.tv/as/pgc-live-manage/4hd/00maMd.png,5000,
501280,TRACTRAC,https://static-comm.bigolive.tv/as/pgc-live-manage/4he/11tVR1vKZlOR.png,1000,
501302,ぽよ🍭💫,https://static-comm.bigolive.tv/as/pgc-live-manage/4he/01tVSKNPsJIx.png,1000,
501304,Super Idol,https://static-comm.bigolive.tv/as/pgc-live-manage/4he/21tVSNEJ932M.png,1000,
501308,🐲J🇰haleesi🐲🔥,https://static-comm.bigolive.tv/as/pgc-live-manage/4he/11tVSVGBR4i0.png,1000,
501314,Anna La Campeona,https://static-comm.bigolive.tv/as/pgc-live-manage/4he/21tVSfgE44bn.png,1000,
501335,INFERNO 🔥,https://static-comm.bigolive.tv/as/pgc-live-manage/4he/01tVlyAIqbVA.png,1000,
501345,Dior,https://static-comm.bigolive.tv/as/pgc-live-manage/4he/11tVmJjCXbtV.png,1000,
501355,LaLaLa Lab,https://static-comm.bigolive.tv/as/pgc-live-manage/4he/21tVmh9VRxw4.png,1000,
501385,Lion dance,https://static-comm.bigolive.tv/as/pgc-live-manage/4hc/0PRb9a.png,1000,
501387,UFUK BEY,https://static-comm.bigolive.tv/as/pgc-live-manage/4hp/1u53x537c0cc8ddb634188af63d58a76d57fb6ph.png,10000,
501407,Ayesha Sheikh❤️,https://static-comm.bigolive.tv/as/pgc-live-manage/7h5/M0E/35/5A/qvsbAF5D-uiII6yUAAD2paupH8cAAKrRgBHNBcAAPa9791.png,1099,
501410,Bánh chưng,https://static-comm.bigolive.tv/as/pgc-live-manage/4he/21tYGpyBmurm.png,10,
501413,Đào Mai,https://static-comm.bigolive.tv/as/pgc-live-manage/4hd/21tYGreuRFGCU.png,99,
501414,Thần Tài,https://static-comm.bigolive.tv/as/pgc-live-manage/4hd/21tYGtARymnp9.png,999,
501415,Xuân Phú Quý,https://static-comm.bigolive.tv/as/pgc-live-manage/4he/11tYGuKHH7IE.png,2999,
501416,Tết Tỵ Tiền Tài,https://static-comm.bigolive.tv/as/pgc-live-manage/4he/01tYGvqER88D.png,4999,
501421,Lì Xì,https://static-comm.bigolive.tv/as/pgc-live-manage/4he/21tYNjVFspli.png,5,
501431,shoes,https://static-comm.bigolive.tv/as/pgc-live-manage/4he/01tYjOyFZrWW.png,30,
501432,Skate,https://static-comm.bigolive.tv/as/pgc-live-manage/4he/21tYjUFJ2nsk.png,100,
501433,motorcycle,https://static-comm.bigolive.tv/as/pgc-live-manage/4he/01tYjVZg0KdH.png,500,
501434,race car,https://static-comm.bigolive.tv/as/pgc-live-manage/4hd/11tYjXeW3rXuH.png,3000,
501435,Helmet,https://static-comm.bigolive.tv/as/pgc-live-manage/4he/01tYja1Qk5ON.png,199,
501443,Romantic Air Balloon,https://static-comm.bigolive.tv/as/pgc-live-manage/4he/21tbGwELlNUF.png,1000,
501451,Confession Cake,https://static-comm.bigolive.tv/as/pgc-live-manage/4he/21taXCg5IGFU.png,1,
501452,Lover's Gramophone,https://static-comm.bigolive.tv/as/pgc-live-manage/4he/21taXEPhusTT.png,60,
501454,Pink Heart,https://static-comm.bigolive.tv/as/pgc-live-manage/4hd/21taXGu2ZX5Ih.png,100,
501456,True Love Ring,https://static-comm.bigolive.tv/as/pgc-live-manage/4he/01taXKfG5cxE.png,500,
501464,Family Treasure Box,https://static-comm.bigolive.tv/as/pgc-live-manage/4he/21ta9b7HNvqo.png,99,
501515,新秀認證,https://static-comm.bigolive.tv/as/pgc-live-manage/4hp/1ti6fP8b035b1976724cabbf9db271e938574bph.png,100,
501519,Boo🍉,https://static-comm.bigolive.tv/as/pgc-live-manage/4hp/1ti75Ifbfe64c3d62c49ebaa4611178546cfd6ph.png,5000,
501520,森友加冕,https://static-comm.bigolive.tv/as/pgc-live-manage/4hp/1ti6l91a4423650d6b44bebfb4064f82b2092dph.png,500,
501538,Magic Palace,https://static-comm.bigolive.tv/as/pgc-live-manage/4hp/1ti57ie4d70ebe79744c58b74ff24103ba4f61ph.png,1000,
501586,🎂Carnival Mask,https://static-comm.bigolive.tv/as/pgc-live-manage/4h9/1waXu6.png,100,
501596,Baby hubby gift,https://static-comm.bigolive.tv/as/pgc-live-manage/4hp/1tkh1D6382101278834053ad8f3d945c323cbcph.png,10000,
501605,Shiny Gold Dragon,https://static-comm.bigolive.tv/as/pgc-live-manage/4hp/1tkHyPaf950856f5eb4f4aa74bb95901be60e8ph.png,10000,
501606,Thunder Dragon,https://static-comm.bigolive.tv/as/pgc-live-manage/4hp/1tkHxj5c3fce1d787d47458c072d4763aaa293ph.png,4000,
501607,Fire Dragon,https://static-comm.bigolive.tv/as/pgc-live-manage/4hp/1tkI102d7b4cf96d684076bab5c37ebd3e3064ph.png,2000,
501608,Wooden Dragon,https://static-comm.bigolive.tv/as/pgc-live-manage/4hp/1tkI3Ycebcfd5411f74918a6ca5ba15dc8e1cbph.png,800,
501623,ゆず可愛いにゃん,https://static-comm.bigolive.tv/as/pgc-live-manage/4hp/1ty5j1ab8289d2acbf4ca28f10268541a02c7fph.png,1,
501626,Thunder Dragon (Exclusive),https://static-comm.bigolive.tv/as/pgc-live-manage/4hp/1tkHxj5c3fce1d787d47458c072d4763aaa293ph.png,4000,
501636,Jamal,https://static-comm.bigolive.tv/as/pgc-live-manage/4hd/11tnTDUuS2hIs.png,1000,
501642,ひぃにゃんず🌈🌹,https://static-comm.bigolive.tv/as/pgc-live-manage/4he/11tnaeTFS2Za.png,500,
501648,女帝あい🐣🌷,https://static-comm.bigolive.tv/as/pgc-live-manage/4he/21tnxjRF7cv0.png,100,
501662,Growing Dino,https://static-comm.bigolive.tv/as/pgc-live-manage/4h5/1BukmC.png,99,
501672,Family Arrow LV4,https://static-comm.bigolive.tv/as/pgc-live-manage/4hd/21trzyJGodA1N.png,100,
501676,Diamond Crystal Ball,https://static-comm.bigolive.tv/as/pgc-live-manage/4hp/1tymxw95556b6d085d4159928e7ca0a0ed4bebph.png,500,
501677,Rose Crystal Ball,https://static-comm.bigolive.tv/as/pgc-live-manage/4hp/1tymww31fcceb507e342fe976eb2a44c8cc288ph.png,100,
501678,Dreamy Crystal Ball,https://static-comm.bigolive.tv/as/pgc-live-manage/4hp/1tymwca16af6a797d045f8a3495b7007b6f523ph.png,50,
501679,Sweet Crystal Ball,https://static-comm.bigolive.tv/as/pgc-live-manage/4hp/1tymvqc3f25dad96e242189668a3738fd23a8eph.png,5,
501680,Princess Scepter,https://static-comm.bigolive.tv/as/pgc-live-manage/4he/21trYKekJC75.png,5000,
501681,Gold Necklace,https://static-comm.bigolive.tv/as/pgc-live-manage/4he/11trYUtKHuyW.png,2000,
501682,Diamond Ring,https://static-comm.bigolive.tv/as/pgc-live-manage/4he/11trYWFOLzJk.png,1000,
501683,Sapphire Earrings,https://static-comm.bigolive.tv/as/pgc-live-manage/4he/21trYXmNwriA.png,800,
501684,Pearl Hair Accessory,https://static-comm.bigolive.tv/as/pgc-live-manage/4he/01trYacISvXP.png,600,
501685,Crystal Swan,https://static-comm.bigolive.tv/as/pgc-live-manage/4he/01trYckFPt5O.png,510,
501686,Red Rose,https://static-comm.bigolive.tv/as/pgc-live-manage/4he/01trYdukuOpH.png,400,
501687,Lily Bouquet,https://static-comm.bigolive.tv/as/pgc-live-manage/4he/01trYfINX1ik.png,300,
501688,White Rose,https://static-comm.bigolive.tv/as/pgc-live-manage/4he/21trYghFol5O.png,200,
501689,Silver Bracelet,https://static-comm.bigolive.tv/as/pgc-live-manage/4he/11trYhxgdJfj.png,100,
501690,Heart Balloon,https://static-comm.bigolive.tv/as/pgc-live-manage/4hd/11trYjfuSF9EI.png,60,
501691,Candy Bomb,https://static-comm.bigolive.tv/as/pgc-live-manage/4he/01trYkxUe9hx.png,25,
501692,Donut Rain,https://static-comm.bigolive.tv/as/pgc-live-manage/4he/11trYpFLIzUE.png,15,
501693,Chocolate Waterfall,https://static-comm.bigolive.tv/as/pgc-live-manage/4he/11trYs7JGyPz.png,5,
501694,Cotton Candy Clouds,https://static-comm.bigolive.tv/as/pgc-live-manage/4he/11trYsmLI0eE.png,1,
501695,Eid Salute,https://static-comm.bigolive.tv/as/pgc-live-manage/4he/01tsD89KcwsE.png,100,
501699,Eid Feast,https://static-comm.bigolive.tv/as/pgc-live-manage/4he/11tuiTBOyn1Y.png,10000,
501714,Eid Lantern,https://static-comm.bigolive.tv/as/pgc-live-manage/4he/11tsHoVGMkeC.png,1,
501717,INEFFABLE ANGELS,https://static-comm.bigolive.tv/as/pgc-live-manage/4he/21tsecggSkTj.png,100,
501719,Luxurious Crown,https://static-comm.bigolive.tv/as/pgc-live-manage/4he/11tsukCPduUR.png,30000,
501720,Naughty Baby,https://static-comm.bigolive.tv/as/pgc-live-manage/4he/11tsgNDGRqia.png,200,
501727,Glory Sound,https://static-comm.bigolive.tv/as/pgc-live-manage/4he/21tu2ba9C6OI.png,100,
501728,Glory Rocket,https://static-comm.bigolive.tv/as/pgc-live-manage/4he/11tu2dyHjMYh.png,2000,
501729,Glory Throne,https://static-comm.bigolive.tv/as/pgc-live-manage/4he/21tu2fxLOJdc.png,10000,
501770,G.O.A.T,https://static-comm.bigolive.tv/as/pgc-live-manage/4he/01tvCAP91OeI.png,500,
501775,ᥫᩣ ˙³˙拾月,https://static-comm.bigolive.tv/as/pgc-live-manage/4he/01tvCyCaS0QS.png,3000,
501777,老baby家族2.0,https://static-comm.bigolive.tv/as/pgc-live-manage/4he/01tvD1NG8gua.png,1000,
501804,Easter pianting,https://static-comm.bigolive.tv/as/pgc-live-manage/4h9/2OKES4.png,3000,
501805,Easter Egg,https://static-comm.bigolive.tv/as/pgc-live-manage/3s3/1oIFlY.png,10,
501806,Easter magician,https://static-comm.bigolive.tv/as/pgc-live-manage/4h7/2Hz0Ma.png,10000,
501820,By the sea,https://static-comm.bigolive.tv/as/pgc-live-manage/4hp/1txmdA04b3496dc7174863bc0fbb28c447bc59ph.png,10000,
501829,Water Blossom,https://static-comm.bigolive.tv/as/pgc-live-manage/4hp/1txMt70aa5f6ab7b164339a55306fda3d25544ph.png,1,
501830,Buddha's Blessing,https://static-comm.bigolive.tv/as/pgc-live-manage/4hp/1txNYu11189f376e324dfba44caf8b5314bc3aph.png,5000,
501832,Lucky Splash,https://static-comm.bigolive.tv/as/pgc-live-manage/4hp/1txR7r029bd045977143e8a4933719f9f9714aph.png,100,
501835,Lotus of Serenity,https://static-comm.bigolive.tv/as/pgc-live-manage/4hp/1txOAP567220c9dea149ffaf99a8ee63637ff8ph.png,500,
501837,Purity Wave,https://static-comm.bigolive.tv/as/pgc-live-manage/4hp/1txR79e53a642a696140baaa80b97ec9486953ph.png,1000,
501842,心动之火,https://static-comm.bigolive.tv/as/pgc-live-manage/4he/11v0XAQOCTU2.png,199,
501848,MISS BIGO Global Competition,https://static-comm.bigolive.tv/as/pgc-live-manage/4hp/1ty0dY1e225a08176d4106b2f039a45214aaedph.png,1000,
501849,MISS BIGO Light Up the World,https://static-comm.bigolive.tv/as/pgc-live-manage/4hp/1ty0jO9ef823701a544509b15dd5791fd836d8ph.png,10000,
501864,Dream Wedding,https://static-comm.bigolive.tv/as/pgc-live-manage/4hp/1tz5qB7c15fc0433604b6f932130140433bb2aph.png,20000,
501875,Imperial Chest,https://static-comm.bigolive.tv/as/pgc-live-manage/4hp/1tz8ivfa3d6b97c2f441cd80d10b0674f8d75aph.png,1000,
501876,King Chest,https://static-comm.bigolive.tv/as/pgc-live-manage/4hp/1tz8lg684eb5b0f26f4d26991ce6fad11fdaf1ph.png,500,
501877,Duke Chest,https://static-comm.bigolive.tv/as/pgc-live-manage/4hp/1tz8nsded204eb632246c7bb425e50499924a7ph.png,150,
501878,Knight Chest,https://static-comm.bigolive.tv/as/pgc-live-manage/4hp/1tz8pyead3d989844e4b7aa459a4ec4dba1c87ph.png,100,
501879,Duke Palace,https://static-comm.bigolive.tv/as/pgc-live-manage/4hp/1tzGa876340351c7754c728f3ec16707d6c032ph.png,20000,
501880,Royal Carriage,https://static-comm.bigolive.tv/as/pgc-live-manage/4hp/1tzGbT5b20a2b7b1844f0f8d0ea375af0c9935ph.png,5000,
501881,Oathblade,https://static-comm.bigolive.tv/as/pgc-live-manage/4hp/1tzGcX7ac4a99279de4fbe980829e31d0ea1f7ph.png,2000,
501882,Crown Throne,https://static-comm.bigolive.tv/as/pgc-live-manage/4hp/1tzGgKa72fb72b302441ff9400fba2e73c99f3ph.png,1000,
501883,Royal Emblem,https://static-comm.bigolive.tv/as/pgc-live-manage/4hp/1tzGhr5d0f09bb645648d1b214e0d2fc43fd9aph.png,800,
501884,Noble Medal,https://static-comm.bigolive.tv/as/pgc-live-manage/4hp/1tzGjga15042d2a2d14855a202d90d423d68d7ph.png,510,
501885,Glory Shield,https://static-comm.bigolive.tv/as/pgc-live-manage/4hp/1tzGlDe49dfa4b77c44751bb30b85ff29fb107ph.png,400,
501886,Pearl Crown,https://static-comm.bigolive.tv/as/pgc-live-manage/4hp/1tzGmJ407e0ca20fd446bfa4670d48a33ba5a0ph.png,300,
501887,Royal Ring,https://static-comm.bigolive.tv/as/pgc-live-manage/4hp/1tzGo1d1ad59dec4984fbbbcd3ada0b2bfedfdph.png,200,
501888,Noble Robe,https://static-comm.bigolive.tv/as/pgc-live-manage/4hp/1tzGpH46890166d9ed4582986438bea46d26daph.png,160,
501889,Knight Greaves,https://static-comm.bigolive.tv/as/pgc-live-manage/4hp/1tzGr97e25d20978154dd284154712beac0a83ph.png,100,
501890,Knight Shield,https://static-comm.bigolive.tv/as/pgc-live-manage/4hp/1tzGsIe9a2bec9781d4a429566e194c540b30aph.png,60,
501891,Royal Scroll,https://static-comm.bigolive.tv/as/pgc-live-manage/4hp/1tzGtT640cfd93cdf24fdab96b4a06a9ea68c6ph.png,20,
501900,Lobster,https://static-comm.bigolive.tv/as/pgc-live-manage/4hp/1tzqVk824b57ede0ad4fefad948be845904c85ph.png,2300,
501901,Steak,https://static-comm.bigolive.tv/as/pgc-live-manage/4hp/1tzqYad0a0de0ca2fb47568e0fa974fe1ea783ph.png,1500,
501902,Sushi,https://static-comm.bigolive.tv/as/pgc-live-manage/4hp/1tzqZg33a6ba77700d4a508e61fc1a00c6984aph.png,1000,
501903,Pizza,https://static-comm.bigolive.tv/as/pgc-live-manage/4hp/1tzqay08662f850c4a4f16a12a22f6eb6bbec6ph.png,800,
501904,Pasta,https://static-comm.bigolive.tv/as/pgc-live-manage/4hp/1tzqc928ca8288158046e99f930adabbec39b7ph.png,600,
501905,Burger,https://static-comm.bigolive.tv/as/pgc-live-manage/4hp/1tzqd5aced1a1836f547a4b6503202d0dc92d6ph.png,500,
501906,Ramen,https://static-comm.bigolive.tv/as/pgc-live-manage/4hp/1tzqeC54c3bde1d2b0447b9f2781be963bd258ph.png,399,
501907,Dumplings,https://static-comm.bigolive.tv/as/pgc-live-manage/4hp/1tzqfn8c6e2594c5aa4d938e35eaf01f354c06ph.png,300,
501908,Skewers,https://static-comm.bigolive.tv/as/pgc-live-manage/4hp/1tzqhE844227e620c44305b0c218fd0fdae918ph.png,230,
501909,Hot Dog,https://static-comm.bigolive.tv/as/pgc-live-manage/4hp/1tzqi6af5b00de01774729acbe3db37392ec46ph.png,180,
501910,Cream Soup,https://static-comm.bigolive.tv/as/pgc-live-manage/4hp/1tzqjZb1d5d61e702848f18e99ff642a3fdc17ph.png,120,
501911,Fries,https://static-comm.bigolive.tv/as/pgc-live-manage/4hp/1tzqkTbc8107f5f27541d58dc4fecbb645003bph.png,69,
501912,Croissant,https://static-comm.bigolive.tv/as/pgc-live-manage/4hp/1tzqlc5bcba350f7b5477cbc498083d7aa58bcph.png,50,
501913,Ice Cream,https://static-comm.bigolive.tv/as/pgc-live-manage/4hp/1tzqmkf5475ca95af0428a9a2e3cd73f9e2780ph.png,20,
501914,Cake,https://static-comm.bigolive.tv/as/pgc-live-manage/4hp/1tzqnp5c86c6c86ffd452e98d6c00d9f4c4184ph.png,15,
501943,Supreme Food Box,https://static-comm.bigolive.tv/as/pgc-live-manage/4hp/1tzxBT9969767d54fa479e94875c0e6a1f49c5ph.png,139,
501944,Exclusive Food Box,https://static-comm.bigolive.tv/as/pgc-live-manage/4hp/1tzxCk1e26806ebffc46108be07a7d69ddb340ph.png,99,
501946,Select Food Box,https://static-comm.bigolive.tv/as/pgc-live-manage/4hp/1tzxDi8fae32e03a7c49f08ae92b3618ae3b26ph.png,39,
501947,Star Food Box,https://static-comm.bigolive.tv/as/pgc-live-manage/4hp/1tzxEi07aec840072c4420bf796b7828e67202ph.png,9,
501949,复制测试6155-留言机,https://static-comm.bigolive.tv/as/pgc-live-manage/4h3/1nWjUr.png,5,
501966,破冰复制测试,https://static-comm.bigolive.tv/as/pgc-live-manage/4hp/1u0G1d07d70f0ec4bd493dac917634e7b67ccbph.png,1,
501970,Maleficent Shayrana,https://static-comm.bigolive.tv/as/pgc-live-manage/4hp/1u1am3c48679f4680049a9a5b69b082d3319ccph.png,1000,
501974,背景故事复制2,https://static-comm.bigolive.tv/as/pgc-live-manage/4hb/21sMO0XIyKHv.png,1,
501982,Anniversary Blind Box,https://static-comm.bigolive.tv/as/pgc-live-manage/4hp/1u5Miad4ed4bea454942e8aa2ab1c5d909177fph.png,50,
501983,Festive Castle,https://static-comm.bigolive.tv/as/pgc-live-manage/4hp/1u5MTl05ab057cdb2f463f9e42e538219d02e4ph.png,5000,
501984,Sparkfire,https://static-comm.bigolive.tv/as/pgc-live-manage/4hp/1u5MRu9399b14b1fe34164a003017965e4f7b5ph.png,999,
501985,Festive Cannon,https://static-comm.bigolive.tv/as/pgc-live-manage/4hp/1u5MQtb669d9a486814d1b9ec77fe806eb6efaph.png,500,
501986,Glory Tome,https://static-comm.bigolive.tv/as/pgc-live-manage/4hp/1u5MPp7bb4c4b5d3bd46d1905fcc2e0d059777ph.png,99,
501987,Ring Message,https://static-comm.bigolive.tv/as/pgc-live-manage/4hp/1u7D8h4646efdb8d934886b588d77af24b9844ph.png,59,
501988,Honor Wreath,https://static-comm.bigolive.tv/as/pgc-live-manage/4hp/1u5MHb40c7a1100b1b434cb646e173ba0bf1fbph.png,5,
501989,여의주 조각,https://static-comm.bigolive.tv/as/pgc-live-manage/4hp/1u2JzFb967b92c909c4495bf56c5e57edca829ph.png,1,
502002,Anniversary Sword,https://static-comm.bigolive.tv/as/pgc-live-manage/4hp/1u4WSt8611620b766842c3a6981e3bd8608d48ph.png,100,
502008,BIG PAPI Bubble,https://static-comm.bigolive.tv/as/pgc-live-manage/4hp/1u3rfn32b040a5a1ed4a01b454d41e789b1c79ph.png,399,
502009,ひとくちどうぞ,https://static-comm.bigolive.tv/as/pgc-live-manage/4hp/1u4FL8e9500772773941d3a32d286d93ac9e15ph.png,10,
502038,용의 부적,https://static-comm.bigolive.tv/as/pgc-live-manage/4hp/1u5Jub4bccf4c3e21648e08eaf2f20519fcd59ph.png,99,
502039,🌱DIVINE WEALTH,https://static-comm.bigolive.tv/as/pgc-live-manage/4hp/1u5KPZ240f869fd49f4609ac73dff5426e87d0ph.png,500,
502041,Legend GameCard,https://static-comm.bigolive.tv/as/pgc-live-manage/4hp/1u5MCmef60cf3855c24bbebbbb9b07d52a2a90ph.png,999,
502042,Ultimate GameCard,https://static-comm.bigolive.tv/as/pgc-live-manage/4hp/1u5MDu3db810742a804ef982373a058d7afbd2ph.png,499,
502043,Elite GameCard,https://static-comm.bigolive.tv/as/pgc-live-manage/4hp/1u5MEyd13526f9395e49a0843fa4d1311cfcfbph.png,199,
502044,Nova GameCard,https://static-comm.bigolive.tv/as/pgc-live-manage/4hp/1u5MG1c46008530f5e46a4b15922c723c6f952ph.png,99,
502045,BIG PAPI,https://static-comm.bigolive.tv/as/pgc-live-manage/4hp/1u5OVOffe2b26490b74836949a4651039e52ceph.png,3000,
502046,Ufuk Bey,https://static-comm.bigolive.tv/as/pgc-live-manage/4hc/2TPue4.png,1000,
502050,Ultimate Gamer,https://static-comm.bigolive.tv/as/pgc-live-manage/4hp/1u5hLh9e6bbe713a694cfda1549da2f8d2014aph.png,18000,
502052,Arcade Legend,https://static-comm.bigolive.tv/as/pgc-live-manage/4hp/1u5hPDdd4f3aa990534703bef3dcd329834773ph.png,11000,
502053,Victory Trophy,https://static-comm.bigolive.tv/as/pgc-live-manage/4hp/1u5hQjb40a65e97dee49e28652c82d38e535b5ph.png,8000,
502054,Power Core,https://static-comm.bigolive.tv/as/pgc-live-manage/4hp/1u5hRkdd3321706072403996ad0f603e4206d7ph.png,5000,
502055,Golden Controller,https://static-comm.bigolive.tv/as/pgc-live-manage/4hp/1u5hSt79aec2c616f6475c914c5f3287eb6bc5ph.png,3300,
502056,Thunder Jet,https://static-comm.bigolive.tv/as/pgc-live-manage/4hp/1u5hU60686b6b27f1944d1b7290111a150b7a7ph.png,2200,
502057,Gold Token,https://static-comm.bigolive.tv/as/pgc-live-manage/4hp/1u5hVT9f1a05949eb44e34b267ffc76d665879ph.png,1500,
502058,Neon Rhythm,https://static-comm.bigolive.tv/as/pgc-live-manage/4hp/1u5hXH8b3433ccb33849acb7efe9bb18448f64ph.png,1200,
502059,Turbo Kart,https://static-comm.bigolive.tv/as/pgc-live-manage/4hp/1u5hYc6e52a2382f3c4adb9fcd292043d34481ph.png,1000,
502060,Classic Handheld,https://static-comm.bigolive.tv/as/pgc-live-manage/4hp/1u5hZpabd42b7ba3894f009d7f2051cbbc8e9aph.png,800,
502061,Dynamic Skateboard,https://static-comm.bigolive.tv/as/pgc-live-manage/4hp/1u5hazafa54e1d6f344e5fb9cca641c2e4bad7ph.png,600,
502062,Arcade Stick,https://static-comm.bigolive.tv/as/pgc-live-manage/4hp/1u5hd752239695a1534984bde8274e62b1c84eph.png,500,
502063,Boxing Gloves,https://static-comm.bigolive.tv/as/pgc-live-manage/4hp/1u5hffaa73c69875ad4448b8ae1a00ed59232aph.png,330,
502064,Retro Tape,https://static-comm.bigolive.tv/as/pgc-live-manage/4hp/1u5hgce7555acfd1d54ce08521ccefe5c8d053ph.png,240,
502065,Pixel Bomb,https://static-comm.bigolive.tv/as/pgc-live-manage/4hp/1u5hhY6bcc093bf4704c9d805aedbf7af926eaph.png,220,
502066,Vivid Marble,https://static-comm.bigolive.tv/as/pgc-live-manage/4hp/1u5hlQ181f497e9bd448729ba1baa32a67b91bph.png,120,
502091,WildWest Crate,https://static-comm.bigolive.tv/as/pgc-live-manage/4hp/1u8wek279af30329914b46873c3dd366a91b44ph.png,49,
502092,Cowboy Crate,https://static-comm.bigolive.tv/as/pgc-live-manage/4hp/1u8wfv0664978e0c7b46dabdd8d9f84b902cadph.png,99,
502093,SilverStar Crate,https://static-comm.bigolive.tv/as/pgc-live-manage/4hp/1u8wgud4b490ade9714799938fd172b296d6f3ph.png,499,
502094,GoldenGlory Crate,https://static-comm.bigolive.tv/as/pgc-live-manage/4hp/1u8wiK61428c0089e74555a7a06dde2c8520fdph.png,999,
502106,Cowboy Gloves,https://static-comm.bigolive.tv/as/pgc-live-manage/4hp/1u9ii8450fe49ef8f44238bbe875fcfff3d506ph.png,50,
502107,Cowboy Boots,https://static-comm.bigolive.tv/as/pgc-live-manage/4hp/1u9ilEec8d3651e4f043b7af1cee5984a8239eph.png,66,
502108,Deluxe Saddle,https://static-comm.bigolive.tv/as/pgc-live-manage/4hp/1u9imK08d4bffc0d07429996905f2c274bfa70ph.png,100,
502109,Cowboy Hat,https://static-comm.bigolive.tv/as/pgc-live-manage/4hp/1u9inl8b5d5b79d679412aabd7d032e1479a57ph.png,200,
502110,Golden Telescope,https://static-comm.bigolive.tv/as/pgc-live-manage/4hp/1u9iomcb30678d181d417baf5fb6d63b65da86ph.png,280,
502111,Sheriff Badge,https://static-comm.bigolive.tv/as/pgc-live-manage/4hp/1u9ipfedfcc9a7e08a409599488a1d1cebbb12ph.png,500,
502112,Western Steed,https://static-comm.bigolive.tv/as/pgc-live-manage/4hp/1u9ir40942d3b1eca4487e824284c51028928eph.png,1000,
502113,Western Outpost,https://static-comm.bigolive.tv/as/pgc-live-manage/4hp/1u9isCd69d7431f45742e4a0e78424ac95be89ph.png,2000,
502114,Legendary Cowboy,https://static-comm.bigolive.tv/as/pgc-live-manage/4hp/1u9itBee1bc82c54ca479193c29fa31908be6bph.png,2500,
502115,West Glory Town,https://static-comm.bigolive.tv/as/pgc-live-manage/4hp/1u9iuGbbc6d581a8ee4e9ea13aac7cec95aaa9ph.png,5000,
502118,Rainbow Platter,https://static-comm.bigolive.tv/as/pgc-live-manage/4hp/1uBdNxfd2d42eb634342a8b974af629eba29cbph.png,3300,
502119,Strawberry Ice,https://static-comm.bigolive.tv/as/pgc-live-manage/4hp/1uBdPof982f4dd8e8641aebdaa941cb73b970bph.png,2200,
502120,Mango Pudding,https://static-comm.bigolive.tv/as/pgc-live-manage/4hp/1uBdR5a0add53934274251a517785a8fb72947ph.png,1500,
502121,Matcha Parfait,https://static-comm.bigolive.tv/as/pgc-live-manage/4hp/1uBdT3963fd6db6b0f45b6b1c7807a0f712f7aph.png,1000,
502122,Mint Popsicle,https://static-comm.bigolive.tv/as/pgc-live-manage/4hp/1uBdUV31b58eec4cb84680b33e837996af3800ph.png,800,
502123,Ramune,https://static-comm.bigolive.tv/as/pgc-live-manage/4hp/1uBdVof5c89447c5404a9ba570741c349d59adph.png,500,
502124,Lemon Iced Tea,https://static-comm.bigolive.tv/as/pgc-live-manage/4hp/1uBdZE96d7f02be48d4a64bf17f502dc02a2a5ph.png,399,
502125,Coconut Water,https://static-comm.bigolive.tv/as/pgc-live-manage/4hp/1uBdaj686b4bd75fe9486cad1add628d5adcc2ph.png,240,
502126,Sparkling Water,https://static-comm.bigolive.tv/as/pgc-live-manage/4hp/1uBdbta7bde495cd9942d9a4ec0f43ae37d6e2ph.png,190,
502127,Cherry,https://static-comm.bigolive.tv/as/pgc-live-manage/4hp/1uBddPa819b3b002874d508e7e4ac8674b1f43ph.png,150,
502128,Cola,https://static-comm.bigolive.tv/as/pgc-live-manage/4hp/1uBdeac06afbf49baa45ab89a1c99180b03473ph.png,120,
502129,Kiwi,https://static-comm.bigolive.tv/as/pgc-live-manage/4hp/1uBdfh7c4976b86bf844ba8eea374074eaf294ph.png,100,
502130,Hami Melon,https://static-comm.bigolive.tv/as/pgc-live-manage/4hp/1uBdgwfd04d9247e124069a8bb1305d0f8dd14ph.png,69,
502131,Pineapple,https://static-comm.bigolive.tv/as/pgc-live-manage/4hp/1uBdhue802c1f09093488fbd349953592876eeph.png,39,
502132,Grapes,https://static-comm.bigolive.tv/as/pgc-live-manage/4hp/1uBdiu7a8ecb4174a34ea3a2fd4e09f1e0836eph.png,25,
502133,Watermelon,https://static-comm.bigolive.tv/as/pgc-live-manage/4hp/1uBdju6d9017df86de492ca6a6d01f96b83cafph.png,20,
502134,Apple,https://static-comm.bigolive.tv/as/pgc-live-manage/4hp/1uBdkh5571554bc12f4b91b291143b4f7dd5c7ph.png,15,
502135,FruitFun Box,https://static-comm.bigolive.tv/as/pgc-live-manage/4hp/1uBdpo151733862e434f3a8301df4228217fdbph.png,9,
502136,SummerChill Box,https://static-comm.bigolive.tv/as/pgc-live-manage/4hp/1uBdru2abee6bc4583433383116e48fbc08b16ph.png,19,
502137,CoolShare Box,https://static-comm.bigolive.tv/as/pgc-live-manage/4hp/1uBdt42526260da7b34534bebc6f1f10c222e8ph.png,99,
502138,IcyParty Box,https://static-comm.bigolive.tv/as/pgc-live-manage/4hp/1uBduF723604515d5b42c8a5adb5c9e47a8843ph.png,199,
502139,Private jet,https://static-comm.bigolive.tv/as/pgc-live-manage/4hp/1uBmwC7a8c3ea0caab45f0b04e77fc7b08742eph.png,5000,
502143,Radiant Peacock,https://static-comm.bigolive.tv/as/pgc-live-manage/4h5/28l5ba.png,200,
502166,Ebedi Ailesi,https://static-comm.bigolive.tv/as/pgc-live-manage/4hp/1uENnc2768afff9b9b4732885a635ca9e31219ph.png,5000,
502168,Mermaid,https://static-comm.bigolive.tv/as/pgc-live-manage/4hp/1uEPDh98d89934ed9f43ef878f2a9e8ba2c3cdph.png,5000,
502169,Whale,https://static-comm.bigolive.tv/as/pgc-live-manage/4hp/1uEPFfee87ae48865c4be39d382b8c047b2b5eph.png,3000,
502170,Shark,https://static-comm.bigolive.tv/as/pgc-live-manage/4hp/1uEPIU01c696c229c04fbaacfa51aaed588ea2ph.png,1600,
502171,Dolphin,https://static-comm.bigolive.tv/as/pgc-live-manage/4hp/1uEPJgac9036b338244771b0aaa06a32d6786cph.png,1000,
502172,Sea Otter,https://static-comm.bigolive.tv/as/pgc-live-manage/4hp/1uEPKud164b3ffb1b04fbd975ec37dd6e14c97ph.png,800,
502173,Garden Eel,https://static-comm.bigolive.tv/as/pgc-live-manage/4hp/1uEPM50abf08275c264520a2d684c4b782e309ph.png,600,
502174,Seal,https://static-comm.bigolive.tv/as/pgc-live-manage/4hp/1uEPNN14d3a73772a54f0ebc4c90660d8326a3ph.png,500,
502175,Sea Turtle,https://static-comm.bigolive.tv/as/pgc-live-manage/4hp/1uEPOcdfac67667ff14498b7ea8763d3529094ph.png,360,
502176,Clownfish,https://static-comm.bigolive.tv/as/pgc-live-manage/4hp/1uEPPf73affd5e5a75461b97a8c57c8d8573d2ph.png,210,
502177,Octopus,https://static-comm.bigolive.tv/as/pgc-live-manage/4hp/1uEPQs88ef105228d5411bbb4ee7e37519af4aph.png,160,
502178,Crab,https://static-comm.bigolive.tv/as/pgc-live-manage/4hp/1uEPRz8676b1dc8a144a9582be51df557da09fph.png,100,
502179,Jellyfish,https://static-comm.bigolive.tv/as/pgc-live-manage/4hp/1uEQIMcf63cf5cd6484916a5309c9b6ed02dc0ph.png,80,
502180,Coral,https://static-comm.bigolive.tv/as/pgc-live-manage/4hp/1uEQI65eb8ed5b59af4712852c224e26473099ph.png,55,
502181,Conch,https://static-comm.bigolive.tv/as/pgc-live-manage/4hp/1uEQHsdda3676394a94f9f9660bded18a519b1ph.png,25,
502182,Shell,https://static-comm.bigolive.tv/as/pgc-live-manage/4hp/1uEQHY8d62b490ac0d4602b5f0de5b212b91dbph.png,15,
502183,Starfish,https://static-comm.bigolive.tv/as/pgc-live-manage/4hp/1uEQHBb298a086a8ee411a943a266d5d09dd09ph.png,5,
502186,Starlight Bottle,https://static-comm.bigolive.tv/as/pgc-live-manage/4hp/1uEQDS169ce84f946c447da6ac4819eb69d9f8ph.png,50,
502187,Wave Bottle,https://static-comm.bigolive.tv/as/pgc-live-manage/4hp/1uEQFFe310d2db16de459898925c6b43b6e2cdph.png,20,
502188,520,https://static-comm.bigolive.tv/as/pgc-live-manage/4hp/1uF8Px9f5bd9e407a14b4bbd8c5f1c979b89feph.png,1,
502191,Inferno,https://static-comm.bigolive.tv/as/pgc-live-manage/4hp/1uFQI6b582b52b55634803bc541884a8915b7bph.png,100,
502192,pearl,https://static-comm.bigolive.tv/as/pgc-live-manage/3s4/1DVOvI.png,1,
502196,Storm Lion,https://static-comm.bigolive.tv/as/pgc-live-manage/4hp/1uHKE94c7a0d8695854a85955941eafb14e4efph.png,5000,
502202,MILTON'S GIFT FOR YOU,https://static-comm.bigolive.tv/as/pgc-live-manage/4hp/1uHh9c969079471fff4f82b785f9da5c5efc7dph.png,200,
502204,Ghurte Valo Lage,https://static-comm.bigolive.tv/as/pgc-live-manage/4hp/1uHhENf701680322d34295a32348816be6ee3cph.png,1718,
502206,Jone's Fish,https://static-comm.bigolive.tv/as/pgc-live-manage/4hp/1uHhPkc2a7f414b394432d94b60d1cfdd428b8ph.png,200,
502209,アイスコーヒー,https://static-comm.bigolive.tv/as/pgc-live-manage/4hp/1uHwz7f5ac87794e6f4cb9aceb82faa1a3faccph.png,1,
502210,お弁当,https://static-comm.bigolive.tv/as/pgc-live-manage/4hp/1uHx41b8d45c4c881541d6aa6715e2637a76b1ph.png,1,
502212,ケーキ,https://static-comm.bigolive.tv/as/pgc-live-manage/4hp/1uHxAMdbedebe26a84413f8c37b9fa2cf9a6b1ph.png,1,
502213,スキンケアグッズ,https://static-comm.bigolive.tv/as/pgc-live-manage/4hp/1uHxCj4daebf9dbdb4478e98588dc1792b68a5ph.png,1,
502214,タピオカ,https://static-comm.bigolive.tv/as/pgc-live-manage/4hp/1uHxE4208c2a60d1c748a6b1e5edc2cc095890ph.png,1,
502215,ひまわり,https://static-comm.bigolive.tv/as/pgc-live-manage/4hp/1uHxFH8be7a55c30a44987899fc2d936d1335fph.png,1,
502216,プリン,https://static-comm.bigolive.tv/as/pgc-live-manage/4hp/1uHxGadb8d9227f4194101adb76509516edd5fph.png,1,
502217,マーボー豆腐,https://static-comm.bigolive.tv/as/pgc-live-manage/4hp/1uHxIF0058a423874c430f921e921fc2e59770ph.png,1,
502218,美容器,https://static-comm.bigolive.tv/as/pgc-live-manage/4hp/1uHxJSb446234f8a0445a3ac2c38c2f630323fph.png,1,
502219,夏の海だ,https://static-comm.bigolive.tv/as/pgc-live-manage/4hp/1uHxL2af95c17f3b724189a47541f657a590e6ph.png,1,
502225,Cikboss Empire 2.0,https://static-comm.bigolive.tv/as/pgc-live-manage/4hp/1uI0Imbb2d94b2485449d6a9e08aded83dc30eph.png,2000,
502233,拾10,https://static-comm.bigolive.tv/as/pgc-live-manage/4hp/1uILZU853e021ccdf040e3925f9c6b2f63ba7fph.png,5000,
502240,Honor Box,https://static-comm.bigolive.tv/as/pgc-live-manage/4hp/1uZsgFfb46d1f675414b56b256e59600241410ph.png,200,
502242,늑대전사,https://static-comm.bigolive.tv/as/pgc-live-manage/7h1/M07/7B/16/tPobAF4LM76IL7XSAAAz7UHaLPkABXR_AP8nwMAADQF726.png,599,
502245,Sk Sardar,https://static-comm.bigolive.tv/as/pgc-live-manage/4hp/1uJnR0ded03f56fe69413d83fbb38cc318229dph.png,999,
502248,Deep Ocean and The Solo,https://static-comm.bigolive.tv/as/pgc-live-manage/4hp/1uJnU1618e042c7cb741aaadfc1fcf74b1f5e6ph.png,999,
502251,连击 Doubleclick Gift,https://static-comm.bigolive.tv/as/pgc-live-manage/4hp/1uHy5e84605e2eb91b4169b6b657ed19f0a9c9ph.png,1,
502273,Lemon Town,https://static-comm.bigolive.tv/as/pgc-live-manage/4hp/1uMGzQ88d617e537694a87b0bfca193541bbcfph.png,1000,
502277,Sweetheart BeautyBox,https://static-comm.bigolive.tv/as/pgc-live-manage/4hp/1uKFFU04ebcd5412574ce2ac694af4f09b5f42ph.png,15,
502278,Glam BeautyBox,https://static-comm.bigolive.tv/as/pgc-live-manage/4hp/1uKGPp38182d9290cc4f73a92a088a05950cacph.png,50,
502279,Starlight BeautyBox,https://static-comm.bigolive.tv/as/pgc-live-manage/4hp/1uKGT15ceae0e8b7f0471c87f031b638e6864dph.png,150,
502280,Luxury BeautyBox,https://static-comm.bigolive.tv/as/pgc-live-manage/4hp/1uKGU6d6b23815577448c6b9ced38bc730f6edph.png,299,
502281,Makeup Set,https://static-comm.bigolive.tv/as/pgc-live-manage/4hp/1uKGVh4422e67c937d43fe9725b5c4009a46b0ph.png,4800,
502282,Chic Pouch,https://static-comm.bigolive.tv/as/pgc-live-manage/4hp/1uKGYS77dde8ebb36a4d00a350f1b4d30bd7f9ph.png,3200,
502283,Limited Perfume,https://static-comm.bigolive.tv/as/pgc-live-manage/4hp/1uKGZW4a013c4201524726a3b870fcf2794890ph.png,2200,
502284,Skincare Set,https://static-comm.bigolive.tv/as/pgc-live-manage/4hp/1uKGal994ddd468f0b49f2a3b421dda729c822ph.png,1500,
502285,Eyeshadow,https://static-comm.bigolive.tv/as/pgc-live-manage/4hp/1uKGbx541e45f3c48a455fa8a80ae3e31735fcph.png,1100,
502286,Lip Glaze,https://static-comm.bigolive.tv/as/pgc-live-manage/4hp/1uKGdAa3aae311eee14dbeb21348701f7fd3faph.png,600,
502287,Pressed Powder,https://static-comm.bigolive.tv/as/pgc-live-manage/4hp/1uKGeR41a68567d749443cb000ff4890fe8301ph.png,500,
502288,Velvet Lipstick,https://static-comm.bigolive.tv/as/pgc-live-manage/4hp/1uKGfh91aaa1fd6f8246fb8be77a94ec93c1f6ph.png,360,
502289,Perfume Sample,https://static-comm.bigolive.tv/as/pgc-live-manage/4hp/1uKGiXd18912c6ae1247eba1afc38d54b3bbc4ph.png,300,
502290,Makeup Brush,https://static-comm.bigolive.tv/as/pgc-live-manage/4hp/1uKGkod649cc966f4f4b31b613dedbdcb818aaph.png,200,
502291,Makeup Mirror,https://static-comm.bigolive.tv/as/pgc-live-manage/4hp/1uKGmh1657f45855524d1a89daa00b090a1d58ph.png,160,
502292,Cute Comb,https://static-comm.bigolive.tv/as/pgc-live-manage/4hp/1uKGnk8fba0e641b584c22aa2551ecfabd88feph.png,100,
502293,Lash Curler,https://static-comm.bigolive.tv/as/pgc-live-manage/4hp/1uKGp45f11ef4940a24de4af89e347fd419f47ph.png,60,
502294,Hydrating Mask,https://static-comm.bigolive.tv/as/pgc-live-manage/4hp/1uKGqy1eb1c12705d4423aa1aa41f5d107d71eph.png,30,
502295,Nail Polish,https://static-comm.bigolive.tv/as/pgc-live-manage/4hp/1uKGuB1e57499f1fcd429ea14a172fa2f1d6f6ph.png,20,
502314,Thee Only Sensei,https://static-comm.bigolive.tv/as/pgc-live-manage/4hp/1uLPZ3d297b9d0719f4ef2900ee371b6aacd8bph.png,999,
502316,拳缚,https://static-comm.bigolive.tv/as/pgc-live-manage/4hp/1uMMGE49c29e03729d454c8a601aa342488cc1ph.png,1,
502317,魄章,https://static-comm.bigolive.tv/as/pgc-live-manage/4hp/1uMMwA5866df7897204b90a39261d624c038a1ph.png,10,
502318,金拳套,https://static-comm.bigolive.tv/as/pgc-live-manage/4hp/1uMN6A8f725a3f397d4e6888db8b76ae4a8626ph.png,100,
502320,冠冕带,https://static-comm.bigolive.tv/as/pgc-live-manage/4hp/1uMNCN48dae055a4bf4be88cae26d8a0f4fab4ph.png,100,
502321,天罡铠,https://static-comm.bigolive.tv/as/pgc-live-manage/4hp/1uMNEc193d136bc021441f97204af515a3fa4dph.png,400,
502322,拳王至尊,https://static-comm.bigolive.tv/as/pgc-live-manage/4hp/1uMfQu8f1a63c8e2ed4242a4f1b4566eb29303ph.png,6000,
502325,蓝拳套,https://static-comm.bigolive.tv/as/pgc-live-manage/4hp/1uMNNY943a9d263d9c415bb9e31513be27457aph.png,10,
502326,红拳套,https://static-comm.bigolive.tv/as/pgc-live-manage/4hp/1uMNOcdb5ff5a9d9f24b5492668e79079d7148ph.png,50,
502327,拳缚,https://static-comm.bigolive.tv/as/pgc-live-manage/4hp/1uMMGE49c29e03729d454c8a601aa342488cc1ph.png,1,
502328,魄章,https://static-comm.bigolive.tv/as/pgc-live-manage/4hp/1uMMwA5866df7897204b90a39261d624c038a1ph.png,10,
502329,魄章,https://static-comm.bigolive.tv/as/pgc-live-manage/4hp/1uMMwA5866df7897204b90a39261d624c038a1ph.png,10,
502330,冠冕带,https://static-comm.bigolive.tv/as/pgc-live-manage/4hp/1uMNCN48dae055a4bf4be88cae26d8a0f4fab4ph.png,100,
502331,Wealth Vault,https://static-comm.bigolive.tv/as/pgc-live-manage/4hp/1uNBmR959229ce36674fb697b9ca94b7c4a849ph.png,50,
502332,Trendy Sunglasses,https://static-comm.bigolive.tv/as/pgc-live-manage/4hp/1uNBgu7af3d51336504aeaaa7f92905832bd3aph.png,15,
502333,Golf Club,https://static-comm.bigolive.tv/as/pgc-live-manage/4hp/1uNBin847c94b44104419c856d544ac9b6270cph.png,25,
502334,Gold Credit Card,https://static-comm.bigolive.tv/as/pgc-live-manage/4hp/1uNBjOd1d52f857acf43af905919e56f569035ph.png,55,
502335,废弃,https://static-comm.bigolive.tv/as/pgc-live-manage/4hp/1uMS1O6058d5b0003447bbb33d6a39387321e5ph.png,150,
502336,Gold Bar,https://static-comm.bigolive.tv/as/pgc-live-manage/4hp/1uNBk002f75f299b1a4cbb92518c43299969acph.png,150,
502337,Luxury GoldWatch,https://static-comm.bigolive.tv/as/pgc-live-manage/4hp/1uNBkq6d2c347f0821411399f6c4b69f424e49ph.png,600,
502338,Penthouse Party,https://static-comm.bigolive.tv/as/pgc-live-manage/4hp/1uNBldf8e03dfad3024980a3229b5643b8ae50ph.png,1000,
502339,Luxury Car Key,https://static-comm.bigolive.tv/as/pgc-live-manage/4hp/1uMkRM889260c2127946d5b148ed9244255de5ph.png,1,
502340,Cash Gun,https://static-comm.bigolive.tv/as/pgc-live-manage/4hp/1uMkUNd7464d381f8a462a8d78ade871fe05e8ph.png,100,
502341,Supercar,https://static-comm.bigolive.tv/as/pgc-live-manage/4hp/1uN6BYbb551f1fddd04d479757287c78acc213ph.png,1000,
502342,Cruise Ship,https://static-comm.bigolive.tv/as/pgc-live-manage/4hp/1uMkYk9028ec01d8334594a364f9513d60dd3dph.png,5000,
502371,Королевский танец,https://static-comm.bigolive.tv/as/pgc-live-manage/4hb/01snr0DxJGeJ.png,10000,
502372,Пламенный орел,https://static-comm.bigolive.tv/as/pgc-live-manage/4h8/04MsZ8.png,999,
502375,测试,https://static-comm.bigolive.tv/as/pgc-live-manage/4hp/1uNTkY48715d5c95f7455ba92461dae6cbd3ecph.png,1,
502376,Lucky ColorEgg,https://static-comm.bigolive.tv/as/pgc-live-manage/4hp/1uNTl6398298b59f054e4592c33aa6d2fa55c2ph.png,90,
502379,Lucky GoldEgg,https://static-comm.bigolive.tv/as/pgc-live-manage/4hp/1uNTr4f3f3b05a14804253bfaf952cf6279858ph.png,330,
502380,Meteor Shower,https://static-comm.bigolive.tv/as/pgc-live-manage/4hp/1uNVS83fd512bf49904a8fa079c40d60f18013ph.png,28000,
502381,Lucky Cat,https://static-comm.bigolive.tv/as/pgc-live-manage/4hp/1uNVSd298cbde0c9f7425caf8314d868ad8db8ph.png,15000,
502382,Daruma,https://static-comm.bigolive.tv/as/pgc-live-manage/4hp/1uNVSKbae29030b32546488a0ff313faaba329ph.png,8000,
502383,Magic Lamp,https://static-comm.bigolive.tv/as/pgc-live-manage/4hp/1uNVRX0f9eb5509bfb4714a758338ed1980a1cph.png,3000,
502384,Omamori,https://static-comm.bigolive.tv/as/pgc-live-manage/4hp/1uNTxWba533db530684e7781ea3de1c7789f24ph.png,2000,
502385,Matryoshka,https://static-comm.bigolive.tv/as/pgc-live-manage/4hp/1uNTzk9a6702fcc25d4448a3a352121ab53555ph.png,1500,
502386,Koi of Fortune,https://static-comm.bigolive.tv/as/pgc-live-manage/4hp/1uNU1Cbf21c53a7d9c427197ea175144e68e39ph.png,1000,
502387,Wind Chime,https://static-comm.bigolive.tv/as/pgc-live-manage/4hp/1uNU4wc831480b61474dd780698fb5fd02c2aaph.png,500,
502388,Star Bottle,https://static-comm.bigolive.tv/as/pgc-live-manage/4hp/1uNU5r363827e1f1154faab0f4a9a53550c954ph.png,340,
502389,Coin Bank,https://static-comm.bigolive.tv/as/pgc-live-manage/4hp/1uNU8X425b0212a3874a17bed4d760f917b4b9ph.png,230,
502390,Four-Leaf Clover,https://static-comm.bigolive.tv/as/pgc-live-manage/4hp/1uNUDV386c6520098245149c1b9612c3d75acfph.png,120,
502391,Horseshoe,https://static-comm.bigolive.tv/as/pgc-live-manage/4hp/1uNUF4a6e62df82afd4fe2ba7e35bb30d46d52ph.png,100,
502392,Lucky Coin,https://static-comm.bigolive.tv/as/pgc-live-manage/4hp/1uNVPO708ac94a0386472c8262594d368080dfph.png,60,
502393,Origami Crane,https://static-comm.bigolive.tv/as/pgc-live-manage/4hp/1uNUGz41a0f74874a045348261885c63704974ph.png,52,
502394,Balloon,https://static-comm.bigolive.tv/as/pgc-live-manage/4hp/1uNUHhe4264ed7ebdd456dbdeb80d5283ea6e2ph.png,20,
502404,浴衣GOちゃん,https://static-comm.bigolive.tv/as/pgc-live-manage/4hp/1uOsnS25b5cece945f473480e1385a5c797df9ph.png,1,
502465,Laser gun,https://static-comm.bigolive.tv/as/pgc-live-manage/4hd/0BOUIH.png,1,
502480,测试2-Queen's Coronation,https://static-comm.bigolive.tv/as/pgc-live-manage/4hp/1uRpEPdaa03178d51340368cb942ea8c85aa65ph.png,10,
502500,Only Mou99,https://static-comm.bigolive.tv/as/pgc-live-manage/4hp/1uUKL98703f01869d1483cae712a0ae03aa32bph.png,10000,
502503,大展鴻圖,https://static-comm.bigolive.tv/as/pgc-live-manage/4hp/1uUiG8b1285e818ed0447aad43ac116333d5e3ph.png,888,
502505,冠冕带,https://static-comm.bigolive.tv/as/pgc-live-manage/4hp/1uMNCN48dae055a4bf4be88cae26d8a0f4fab4ph.png,100,
502506,冠冕带,https://static-comm.bigolive.tv/as/pgc-live-manage/4hp/1uMNCN48dae055a4bf4be88cae26d8a0f4fab4ph.png,100,
502507,天罡铠,https://static-comm.bigolive.tv/as/pgc-live-manage/4hp/1uMNEc193d136bc021441f97204af515a3fa4dph.png,400,
502508,拳王至尊,https://static-comm.bigolive.tv/as/pgc-live-manage/4hp/1uMfQu8f1a63c8e2ed4242a4f1b4566eb29303ph.png,6000,
502510,Glory Flag,https://static-comm.bigolive.tv/as/pgc-live-manage/4hp/1uZoqvbf9992868b4b4320a5b827411104a4caph.png,15000,
502511,Dazzling Fireworks,https://static-comm.bigolive.tv/as/pgc-live-manage/4hp/1uZoz36d886ddaa8e14f33855ff74732869a06ph.png,3000,
502513,Secret Ring,https://static-comm.bigolive.tv/as/pgc-live-manage/4hp/1uZp4e4b4b187775034633bcd128ba2a4decd8ph.png,50,
502516,Crimson Staff,https://static-comm.bigolive.tv/as/pgc-live-manage/4hp/1uZp1dc664c90a452c4479b26279cd11c83102ph.png,1200,
502517,Knight's Helmet,https://static-comm.bigolive.tv/as/pgc-live-manage/4hp/1uZpCy6c1bfdb0172d41deabba69ff3e7446ccph.png,3300,
502518,Magic Scroll,https://static-comm.bigolive.tv/as/pgc-live-manage/4hp/1uZp3Ba5928a7c6db94ba2bbff6e44051254a8ph.png,210,
502519,Secret Map,https://static-comm.bigolive.tv/as/pgc-live-manage/4hp/1uZpGIc7a0068401ec48fc84fb336cedd106fdph.png,2200,
502520,Destiny Chart,https://static-comm.bigolive.tv/as/pgc-live-manage/4hp/1uZpHpfb3eb29f13984df5913f221eca68119dph.png,1500,
502525,Ceremony Medal,https://static-comm.bigolive.tv/as/pgc-live-manage/4hp/1uZpJB7bfe5e1c363c41bfa69cc23b50d42bedph.png,1000,
502528,Shining Orb,https://static-comm.bigolive.tv/as/pgc-live-manage/4hp/1uZpKj0d2165693b1a4044b226afad8ea70a45ph.png,300,
502529,Radiance Gate,https://static-comm.bigolive.tv/as/pgc-live-manage/4hp/1uZqx84efe5e754bf84c4caf9ba6210d8f9b87ph.png,240,
502539,Skyward Arrow,https://static-comm.bigolive.tv/as/pgc-live-manage/4hp/1uZpLo20128643f5454f6f8303929f825e0fb3ph.png,800,
502540,Gemstone Brooch,https://static-comm.bigolive.tv/as/pgc-live-manage/4hp/1uZpNi5f66749ac9a943d28a6cd00e7492db0eph.png,500,
502541,Blazing Sword,https://static-comm.bigolive.tv/as/pgc-live-manage/4hp/1uZpOqd805f117416341ad8b83adc7a7a1e81eph.png,200,
502543,Scarlet Hat,https://static-comm.bigolive.tv/as/pgc-live-manage/4hp/1uZovn56579134b4de4eac8a786f5022a17aa2ph.png,6000,
502544,Victory Horn,https://static-comm.bigolive.tv/as/pgc-live-manage/4hp/1uZp8B88bbf7c3ef3f4b51984006fae401e2ceph.png,1500,
502545,Inferno Axe,https://static-comm.bigolive.tv/as/pgc-live-manage/4hp/1uZpQA7f39dc77ea484bd6949ae2b4e5a8f70cph.png,120,
502546,Red Crystal,https://static-comm.bigolive.tv/as/pgc-live-manage/4hp/1uZpAj1d4f0ce115ab405b94f052cf6f7848f3ph.png,20,
502547,Secret Key,https://static-comm.bigolive.tv/as/pgc-live-manage/4hp/1uZp9O9ff5396f281849088345dbab86823f5eph.png,110,
502548,Mystic Box,https://static-comm.bigolive.tv/as/pgc-live-manage/4hp/1uZsdN259e6c941b0f471d8f01877819980e21ph.png,100,
502549,Lucky Bag,https://static-comm.bigolive.tv/as/pgc-live-manage/4hp/1uZrjv56b665c14dee4fd789d7ff8e38f7954bph.png,99,
502550,Myth Bag,https://static-comm.bigolive.tv/as/pgc-live-manage/4hp/1uZrhEfd4e9752b2da4cfaa37f0264f22ba012ph.png,199,
502554,Gleaming Harp,https://static-comm.bigolive.tv/as/pgc-live-manage/4hp/1uWBxud4aa20b236c24563b38d21fc4a4c7ef2ph.png,10,
502555,Nocturne Saxophone,https://static-comm.bigolive.tv/as/pgc-live-manage/4hp/1uWC9fa2c7cd6641fd45118157f51254019dceph.png,15,
502556,Blossom Drum,https://static-comm.bigolive.tv/as/pgc-live-manage/4hp/1uWCCW15131c5678734160a071b4a360470c37ph.png,20,
502557,Melody Violin,https://static-comm.bigolive.tv/as/pgc-live-manage/4hp/1uWCEmda212ed16d22471da2a6a2af0110b7a7ph.png,30,
502558,Star Piano,https://static-comm.bigolive.tv/as/pgc-live-manage/4hp/1uWCG29ffb61ab6f73451fa22684ceeac68c53ph.png,50,
502559,Dream Accordion,https://static-comm.bigolive.tv/as/pgc-live-manage/4hp/1uWCHw6ae26cb9a52e4354912d42d6001bd0faph.png,60,
502560,Symphony,https://static-comm.bigolive.tv/as/pgc-live-manage/4hp/1uWCJ7587f47e9a71844678567354338497d72ph.png,80,
502562,Melody Sprite,https://static-comm.bigolive.tv/as/pgc-live-manage/4hp/1uWCNE74aa983aae554fc5ac3a723aedd64400ph.png,130,
502563,Melody Wreath,https://static-comm.bigolive.tv/as/pgc-live-manage/4hp/1uWCQ4411d49f675bb4b77b299acf7ccccf3f6ph.png,160,
502564,Floating Girl,https://static-comm.bigolive.tv/as/pgc-live-manage/4hp/1uWCRg28f51b96f3f84d8aa2b3f3e88146ec48ph.png,180,
502565,Elf Sonata,https://static-comm.bigolive.tv/as/pgc-live-manage/4hp/1uWCVz44ef1bfe7de1455583b4c69c41d275cdph.png,90,
502566,Galaxy Phonograph,https://static-comm.bigolive.tv/as/pgc-live-manage/4hp/1uWCbO9e1880755aa345a383c8ee925a4c7869ph.png,360,
502567,Star Bonfire,https://static-comm.bigolive.tv/as/pgc-live-manage/4hp/1uWCd11d196bcf430e463c8391ba935b4dbfafph.png,550,
502568,Illusion Stage,https://static-comm.bigolive.tv/as/pgc-live-manage/4hp/1uWCph1706dfb9e4cc49b9aae1b54050cf3321ph.png,260,
502569,Cloud Waltz,https://static-comm.bigolive.tv/as/pgc-live-manage/4hp/1uWCtpffb4c90e971e437c9f743adba1e0eac6ph.png,120,
502570,Dream Box,https://static-comm.bigolive.tv/as/pgc-live-manage/4hp/1uWEAD1cb3dd9cffc2471e919e277b68825691ph.png,9,
502571,Moonlight Box,https://static-comm.bigolive.tv/as/pgc-live-manage/4hp/1uWEEcebbac0d62fe046388edb210203092802ph.png,19,
502572,Melody Box,https://static-comm.bigolive.tv/as/pgc-live-manage/4hp/1uWEFzec2ef57b3fad474e8cf6464bfda848f5ph.png,39,
502573,Music Box,https://static-comm.bigolive.tv/as/pgc-live-manage/4hp/1uWEH6946f7d1f1d03410e9f965c24efc8548bph.png,39,
502579,低价测试-King's Coronation,https://static-comm.bigolive.tv/as/pgc-live-manage/4hp/1uV53Bd9b2f625c66b4957824c46cf53f37a58ph.png,10,
502583,ロリィタBIちゃん,https://static-comm.bigolive.tv/as/pgc-live-manage/4hp/1uWY163cb118cf487e4cf9be537ef3279c6b23ph.png,1,
502584,吸血鬼GOちゃん,https://static-comm.bigolive.tv/as/pgc-live-manage/4hp/1uWYUe719cf06ea89b4fd4b44837d8c705c4b8ph.png,1,
502587,WhoAmI,https://static-comm.bigolive.tv/as/pgc-live-manage/4hp/1uWuNVe6e260629d1142b9921f4a3d50b6474dph.png,5000,
502590,Jay - Thảo Điền,https://static-comm.bigolive.tv/as/pgc-live-manage/4hp/1uWvcr055ec3e28a974ba6bb9c0ab5b4c21928ph.png,1999,
502598,New Bubble Bottle,https://static-comm.bigolive.tv/as/pgc-live-manage/4hp/1uYhBaa2d336cb7249470493bf655e176e57c8ph.png,399,
502599,New Bubble Gun,https://static-comm.bigolive.tv/as/pgc-live-manage/4hp/1uYhXm58445d19a8af47bd8a27da98ee47e33bph.png,999,
502612,Pumkin car,https://static-comm.bigolive.tv/as/pgc-live-manage/3s2/1oHWyg.png,100,
502631,Magic Bunny,https://static-comm.bigolive.tv/as/pgc-live-manage/4hp/1ubesyaf10f2f79edb4cb78d8bbd87e122eb7bph.png,20000,
502632,Feather Wings,https://static-comm.bigolive.tv/as/pgc-live-manage/4hp/1ubesf440673d57c634c38a12da9c9f26360d6ph.png,12000,
502633,Magic Carpet,https://static-comm.bigolive.tv/as/pgc-live-manage/4hp/1ubesK2c85559695994517bb28132fb575b3b0ph.png,5000,
502634,Abyssal Starbow,https://static-comm.bigolive.tv/as/pgc-live-manage/4hp/1ubes0514c086a4fd94f6ab3ed41843add3961ph.png,2500,
502635,Broomstick,https://static-comm.bigolive.tv/as/pgc-live-manage/4hp/1uberh6f1cadb1e4a34898a8b3f5454f24a361ph.png,2000,
502636,Hourglass,https://static-comm.bigolive.tv/as/pgc-live-manage/4hp/1uberI54b52c0079af44bcba0de40eb0ce3dfcph.png,1000,
502637,Fantasy Feathers,https://static-comm.bigolive.tv/as/pgc-live-manage/4hp/1ubeqza4d3bf74b1ff4d78b2c1174c9f60fd6fph.png,520,
502638,Twisted clock,https://static-comm.bigolive.tv/as/pgc-live-manage/4hp/1ubeqfa754cbccec0a445cb1eab514d96a2521ph.png,399,
502639,Magic wand,https://static-comm.bigolive.tv/as/pgc-live-manage/4hp/1ubeqK95afa73d1ae14c1fac70bae193fe6fceph.png,260,
502640,Magic Hat,https://static-comm.bigolive.tv/as/pgc-live-manage/4hp/1ubepz027188636a1e43788f876af97e72cc68ph.png,200,
502641,Masquerade Mask,https://static-comm.bigolive.tv/as/pgc-live-manage/4hp/1ubephd8b058b635ca411b94a395aa552665eeph.png,160,
502642,Butterfly,https://static-comm.bigolive.tv/as/pgc-live-manage/4hp/1ubepP8fd87591c6c04f7faa821cd621fc3accph.png,100,
502643,Pen,https://static-comm.bigolive.tv/as/pgc-live-manage/4hp/1ubep8fd5d0e851a234f879a4e3c09a1533b7bph.png,52,
502644,Letter,https://static-comm.bigolive.tv/as/pgc-live-manage/4hp/1ubeoo20d22f6a4f744b96b9896f8c9c79b052ph.png,25,
502645,Magic potion,https://static-comm.bigolive.tv/as/pgc-live-manage/4hp/1ubeoJ236af655a628416d9f3042e0a1cfd371ph.png,15,
502652,Merlisca,https://static-comm.bigolive.tv/as/pgc-live-manage/4hp/1ubcQCc43f5088461e489baf32a779bbaa255eph.png,10000,
502654,Twinora,https://static-comm.bigolive.tv/as/pgc-live-manage/4hp/1ubcTRe487a108a5b6456bb6057cf97c454af7ph.png,10000,
502656,Magic Suitcase,https://static-comm.bigolive.tv/as/pgc-live-manage/4hp/1ubcyO8813068c7c32443999f61f86d21447b4ph.png,500,
502657,Enchanted Suitcase,https://static-comm.bigolive.tv/as/pgc-live-manage/4hp/1ubd9a4cca80b658b34ccea9c89dd9c499c317ph.png,250,
502662,Cosmic Dragon,https://static-comm.bigolive.tv/as/pgc-live-manage/4hp/1ua9P47413d5a606184e868a499bfa61d5f891ph.png,20000,
502663,來都來了,https://static-comm.bigolive.tv/as/pgc-live-manage/4hp/1ucbad30dc731cbb424d2bbfd5205544ced5e0ph.png,666,
502667,BaBa YaGa,https://static-comm.bigolive.tv/as/pgc-live-manage/4hp/1ucdwD185f989396bd4ab2bf703e003d3649caph.png,100,
502672,Весенний Букет,https://static-comm.bigolive.tv/as/pgc-live-manage/4hp/1udpwQf7df5a5cd18243ed85549eef60f7479bph.png,100,
502675,StickerPop,https://static-comm.bigolive.tv/as/pgc-live-manage/4hp/1ueBR82091e1b105bc4d808f732dda2c029a2bph.png,50,
502676,Frog hat,https://static-comm.bigolive.tv/as/pgc-live-manage/4hp/1uepDL3db71bddbed949f7a9ffaf836ac98868ph.png,15,
502677,Banana headgear,https://static-comm.bigolive.tv/as/pgc-live-manage/4hp/1uepDW04c199c2a59e4c4f9f35af17d05fa4fcph.png,25,
502678,Fish headgear,https://static-comm.bigolive.tv/as/pgc-live-manage/4hp/1uepDj16a96dbe4bfc4b838b8e288bb62adab9ph.png,52,
502679,Water bomb,https://static-comm.bigolive.tv/as/pgc-live-manage/4hp/1uepED0e872ce1107b4c4dab3e1208c5fbd96cph.png,66,
502680,Pink hammer,https://static-comm.bigolive.tv/as/pgc-live-manage/4hp/1uepETb26664d45cf04bbdadfdb8cc4603f1f3ph.png,99,
502681,Onion attack,https://static-comm.bigolive.tv/as/pgc-live-manage/4hp/1uepFYd8d1bf5f73084f81bcac13e51a06d83bph.png,199,
502682,Freeze magic,https://static-comm.bigolive.tv/as/pgc-live-manage/4hp/1uepEobde9339ac4664d8c805b32d85e725186ph.png,600,
502683,ピエロGOちゃん,https://static-comm.bigolive.tv/as/pgc-live-manage/4hp/1ueP613f22d125ed1e4df4a03e7118944bb3f4ph.png,1,
502684,悪魔BIちゃん,https://static-comm.bigolive.tv/as/pgc-live-manage/4hp/1uePDUc7f42cdc371d491c8f7f51add30b6585ph.png,1,
502696,Ancient Summon,https://static-comm.bigolive.tv/as/pgc-live-manage/4hp/1uetgUe20f15df96ca49038d829149bf2ccdc8ph.png,1000,
502697,Jurassic Jungle,https://static-comm.bigolive.tv/as/pgc-live-manage/4hp/1uetk7be256ac0f328453f9ff3099ba840d983ph.png,600,
502698,Velociraptor,https://static-comm.bigolive.tv/as/pgc-live-manage/4hp/1uetm0128274b6972a4675aace1b9e538fb5e3ph.png,150,
502699,Archaeopteryx,https://static-comm.bigolive.tv/as/pgc-live-manage/4hp/1uetnrab194f4c8b22473e8bcc7c147d03ccbbph.png,55,
502700,Expedition Map,https://static-comm.bigolive.tv/as/pgc-live-manage/4hp/1uetrS38458bd21cd74db4a92ebf349a2067b7ph.png,25,
502701,Dinosaur Footprint,https://static-comm.bigolive.tv/as/pgc-live-manage/4hp/1uetsY07fc3526f079443e9b66a68b9a2b0e11ph.png,15,
502702,Explorer's Backpack,https://static-comm.bigolive.tv/as/pgc-live-manage/4hp/1uetv591c25358a4c0416380a711b29f5e4a05ph.png,50,
502703,Fragrant,https://static-comm.bigolive.tv/as/pgc-live-manage/4hp/1ueuTud430c1ac675347258a3857cb188dd458ph.png,1,
502704,Charging Card,https://static-comm.bigolive.tv/as/pgc-live-manage/4hd/01tu2Wg6bRwN2.png,10,
502705,クロミ2,https://static-comm.bigolive.tv/as/pgc-live-manage/4hp/1ufFI29d8d738c6faf45a09311da3ca0afb392ph.png,2,
502706,🌟Cancer,https://static-comm.bigolive.tv/as/pgc-live-manage/4hp/1ufFMc3c0d552823334879ab2d8befda38de0eph.png,2,
502731,SUCCESS,https://static-comm.bigolive.tv/as/pgc-live-manage/4he/01uhkTsI6MJy.png,3919,
502733,Yang and Cuties,https://static-comm.bigolive.tv/as/pgc-live-manage/4he/11uhkXaJWF8V.png,1000,
502735,Love is Pain,https://static-comm.bigolive.tv/as/pgc-live-manage/4hd/01uhkq41XKQoO.png,100,
502737,BaBa YaGa,https://static-comm.bigolive.tv/as/pgc-live-manage/4he/11uhlPNivgjj.png,5000,
502749,Regal Roar,https://static-comm.bigolive.tv/as/pgc-live-manage/4he/21uirOKJYq4t.png,50000,
502750,Shadow Tiger,https://static-comm.bigolive.tv/as/pgc-live-manage/4he/11uirPhixCQX.png,20000,
502751,Obsidian Bone Dragon,https://static-comm.bigolive.tv/as/pgc-live-manage/4he/11uirRFIXn4O.png,15000,
502752,Rampage Bear,https://static-comm.bigolive.tv/as/pgc-live-manage/4he/01uirSiJ9xgV.png,5000,
502753,Giant Ape,https://static-comm.bigolive.tv/as/pgc-live-manage/4hd/01uirU4W2qDb5.png,3000,
502754,Panther,https://static-comm.bigolive.tv/as/pgc-live-manage/4hd/21uirVV4dXDjz.png,1500,
502755,Giant crocodile,https://static-comm.bigolive.tv/as/pgc-live-manage/4he/11uirWjBQgBU.png,1100,
502756,Bison,https://static-comm.bigolive.tv/as/pgc-live-manage/4he/11uirY5IXnMO.png,510,
502757,War horse,https://static-comm.bigolive.tv/as/pgc-live-manage/4he/21uirZbLasYz.png,250,
502758,War Hawk,https://static-comm.bigolive.tv/as/pgc-live-manage/4he/01uircAI8x3C.png,210,
502759,Rhinoceros,https://static-comm.bigolive.tv/as/pgc-live-manage/4he/21uirdPRgyop.png,150,
502760,Elephant,https://static-comm.bigolive.tv/as/pgc-live-manage/4hd/21uired2bVBu7.png,110,
502761,Stag,https://static-comm.bigolive.tv/as/pgc-live-manage/4he/21uirgCLasqD.png,60,
502762,Flamingo,https://static-comm.bigolive.tv/as/pgc-live-manage/4hd/01uiriPRxl8pv.png,20,
502763,Thunder Totem,https://static-comm.bigolive.tv/as/pgc-live-manage/4hd/01uirn21XLiVm.png,999,
502764,Ice Totem,https://static-comm.bigolive.tv/as/pgc-live-manage/4hd/11uirp94dVvKz.png,499,
502765,Fire Totem,https://static-comm.bigolive.tv/as/pgc-live-manage/4he/01uirqiXNCuB.png,199,
502766,Wooden Totem,https://static-comm.bigolive.tv/as/pgc-live-manage/4hd/01uirsM2YMjdV.png,99,
502767,Snow Wolf,https://static-comm.bigolive.tv/as/pgc-live-manage/4he/21uitMaLawnD.png,8000,
502775,麦乐蒂,https://static-comm.bigolive.tv/as/pgc-live-manage/7h1/M04/99/1F/svobAFyxzNiIEbsXAABmXBh8OtQAAimsAOvH4AAAGZ0441.png,500,
502786,BIGO ICON Crown,https://static-comm.bigolive.tv/as/pgc-live-manage/4hp/1ty0Wi0f25e97b15184c5faadb5247b49ad972ph.png,1,
502797,Space warship,https://static-comm.bigolive.tv/as/pgc-live-manage/4hd/01ulfqbW2uwPr.png,8000,
502798,Rail elevator,https://static-comm.bigolive.tv/as/pgc-live-manage/4hd/21ulfsELurGL4.png,6000,
502799,Moon Base,https://static-comm.bigolive.tv/as/pgc-live-manage/4he/21ulftJczZ4G.png,4000,
502800,Space station,https://static-comm.bigolive.tv/as/pgc-live-manage/4he/11ulfvenAhOH.png,2600,
502801,Space shuttle,https://static-comm.bigolive.tv/as/pgc-live-manage/4hd/11ulfx22bXfn7.png,1800,
502802,Interstellar train,https://static-comm.bigolive.tv/as/pgc-live-manage/4he/11ulfyGRoMHF.png,1400,
502803,Rocket,https://static-comm.bigolive.tv/as/pgc-live-manage/4he/11ulfzQNkIKo.png,1000,
502804,Radio telescope,https://static-comm.bigolive.tv/as/pgc-live-manage/4he/11ulg1inAiwH.png,900,
502805,UFO,https://static-comm.bigolive.tv/as/pgc-live-manage/4he/01ulg2mJHONJ.png,700,
502806,Astronaut,https://static-comm.bigolive.tv/as/pgc-live-manage/4he/11ulg41RoMlp.png,450,
502807,Exploration vehicle,https://static-comm.bigolive.tv/as/pgc-live-manage/4hd/01ulg5W6cUXbo.png,350,
502808,Laser Gun,https://static-comm.bigolive.tv/as/pgc-live-manage/4hd/21ulg6cGpmCoN.png,230,
502809,Alien,https://static-comm.bigolive.tv/as/pgc-live-manage/4hd/01ulg7ruQILVs.png,160,
502810,Meteorite,https://static-comm.bigolive.tv/as/pgc-live-manage/4he/11ulg9SRoM9p.png,120,
502819,Spacecraft,https://static-comm.bigolive.tv/as/pgc-live-manage/4he/01ulgMhXVeml.png,99,
502820,Galaxy Spacecraft,https://static-comm.bigolive.tv/as/pgc-live-manage/4he/01ulgJvQOXMw.png,199,
502821,Interstellar Spacecraft,https://static-comm.bigolive.tv/as/pgc-live-manage/4he/01ulgHrNLT1Q.png,399,
502822,Deep Spacecraft,https://static-comm.bigolive.tv/as/pgc-live-manage/4he/11ulgFgnAjIH.png,599,
502826,Phoenix Torch,https://static-comm.bigolive.tv/as/pgc-live-manage/4he/01um549MLiti.png,1000,
502830,Tiger Glory,https://static-comm.bigolive.tv/as/pgc-live-manage/4hd/01umSwp9fYhaM.png,999,
502840,MizrapHuner,https://static-comm.bigolive.tv/as/pgc-live-manage/4hd/01ums2eLrkMTS.png,5000,
502865,Gold Arrow,https://static-comm.bigolive.tv/as/pgc-live-manage/4he/21uoH0VMpBkW.png,1000,
502867,Kimsin0314,https://static-comm.bigolive.tv/as/pgc-live-manage/4he/01uoH4KXbTvl.png,5000,
502904,Sologram,https://static-comm.bigolive.tv/as/pgc-live-manage/4he/11upHYFiDpI9.png,1000,
502909,NARUTO,https://static-comm.bigolive.tv/as/pgc-live-manage/4he/11uqnn0Bj8qg.png,1314,
502915,Змей Горыныч,https://static-comm.bigolive.tv/as/pgc-live-manage/4he/11uqti9QyaBA.png,3000,
502924,Baba Yaga 2.0,https://static-comm.bigolive.tv/as/pgc-live-manage/4he/01urYrqisOvj.png,500,
502935,Golden Mic,https://static-comm.bigolive.tv/as/pgc-live-manage/4he/21urvEbR1lER.png,15,
502936,Gold Belt,https://static-comm.bigolive.tv/as/pgc-live-manage/4he/21urvIXcCwZq.png,25,
502937,Gold Necklace,https://static-comm.bigolive.tv/as/pgc-live-manage/4he/11urvMkR1dWR.png,55,
502938,Coin Rain,https://static-comm.bigolive.tv/as/pgc-live-manage/4hd/21urvO0W59FyT.png,150,
502939,Luxury Cruise,https://static-comm.bigolive.tv/as/pgc-live-manage/4hd/21urvPRGptzjZ.png,600,
502940,Stretch Limo,https://static-comm.bigolive.tv/as/pgc-live-manage/4hd/11urvQdAjmZu3.png,1000,
502941,Wealth Vault,https://static-comm.bigolive.tv/as/pgc-live-manage/4he/11urvZYR1dwd.png,50,
502962,Maple Leaf,https://static-comm.bigolive.tv/as/pgc-live-manage/4he/01uu0I2crdwS.png,5,
502963,Pinecone,https://static-comm.bigolive.tv/as/pgc-live-manage/4he/11uu0L1Iw4WC.png,10,
502964,Thermos Cup,https://static-comm.bigolive.tv/as/pgc-live-manage/4he/11uu0RUcGOzS.png,20,
502965,Glove,https://static-comm.bigolive.tv/as/pgc-live-manage/4he/11uu0T2R5DsF.png,50,
502966,Hot Cocoa,https://static-comm.bigolive.tv/as/pgc-live-manage/4he/01uu0VoJYKyV.png,60,
502968,Sweater,https://static-comm.bigolive.tv/as/pgc-live-manage/4he/01uu3N1IXXe0.png,210,
502969,Ginkgo Bouquet,https://static-comm.bigolive.tv/as/pgc-live-manage/4he/01uu3Q8Rggsd.png,300,
502970,Pumpkin Basket,https://static-comm.bigolive.tv/as/pgc-live-manage/4hd/01uu3SN6cdGVQ.png,510,
502971,Pumpkin Pie,https://static-comm.bigolive.tv/as/pgc-live-manage/4he/01uu3KhIXXZ0.png,110,
502972,Scarecrow,https://static-comm.bigolive.tv/as/pgc-live-manage/4he/21uu3ZDR5aqd.png,1100,
502973,Bicycle,https://static-comm.bigolive.tv/as/pgc-live-manage/4hd/21uu3bKLu02Me.png,1500,
502974,Fawn,https://static-comm.bigolive.tv/as/pgc-live-manage/4hd/11uu3mUR05oBX.png,3000,
502975,Fox,https://static-comm.bigolive.tv/as/pgc-live-manage/4hd/11uu3pNW5AtJH.png,8000,
502976,Mushroom House,https://static-comm.bigolive.tv/as/pgc-live-manage/4hd/01uu3tq9fgJ3M.png,15000,
502981,냥발바닥,https://static-comm.bigolive.tv/as/pgc-live-manage/4hd/11uu5Gy2bgRd7.png,1,
502993,Королевский восход,https://static-comm.bigolive.tv/as/pgc-live-manage/4hd/01uuWlt4ablgP.png,5000,
503011,剣道GOちゃん,https://static-comm.bigolive.tv/as/pgc-live-manage/4he/11uvsmWL2fkb.png,5,
503012,弓道BIちゃん,https://static-comm.bigolive.tv/as/pgc-live-manage/4he/21uvsmdcJ7eG.png,15,
503013,板長GOちゃん,https://static-comm.bigolive.tv/as/pgc-live-manage/4he/11uvsmnXErwx.png,35,
503014,招き猫BIちゃん,https://static-comm.bigolive.tv/as/pgc-live-manage/4he/21uvsn2IznKy.png,50,
503040,家族升级礼物线上测试勿动,https://static-comm.bigolive.tv/as/pgc-live-manage/4he/21uwWx1Btp7g.png,10,
503056,Mash & Old School,https://static-comm.bigolive.tv/as/pgc-live-manage/4hd/01uxyPvW26HS5.png,500,
503059,황금캣,https://static-comm.bigolive.tv/as/pgc-live-manage/4he/11uvX7qM22x8.png,225,
503060,마법캣,https://static-comm.bigolive.tv/as/pgc-live-manage/4hd/21uvX6q1ai74C.png,60,
503069,Blazing Aries,https://static-comm.bigolive.tv/as/pgc-live-manage/4hd/01uyR2vLrwVkG.png,1500,
503070,Phantom Gemini,https://static-comm.bigolive.tv/as/pgc-live-manage/4he/01uyR6rIfG5a.png,1500,
503071,Feather Libra,https://static-comm.bigolive.tv/as/pgc-live-manage/4hd/11uyR8QW5EqBf.png,1500,
503072,Starshot Sagittarius,https://static-comm.bigolive.tv/as/pgc-live-manage/4he/21uyRA3J49bm.png,1500,
503073,Regal Leo,https://static-comm.bigolive.tv/as/pgc-live-manage/4hd/01uyRBb2YdCa7.png,1500,
503074,Starforged Capricorn,https://static-comm.bigolive.tv/as/pgc-live-manage/4he/11uyRCdYIDyZ.png,1500,
503075,Sacred Virgo,https://static-comm.bigolive.tv/as/pgc-live-manage/4he/21uyRDYjUZ7X.png,1500,
503076,Golden Taurus,https://static-comm.bigolive.tv/as/pgc-live-manage/4he/21uyREVoZeET.png,1500,
503077,Obsidian Scorpio,https://static-comm.bigolive.tv/as/pgc-live-manage/4hd/21uyRFvLu4094.png,1500,
503078,Mystic Aquarius,https://static-comm.bigolive.tv/as/pgc-live-manage/4he/21uyRHCjUZFj.png,1500,
503079,Dreamy Pisces,https://static-comm.bigolive.tv/as/pgc-live-manage/4he/11uyRIWCwrn6.png,1500,
503080,Lunar Cancer,https://static-comm.bigolive.tv/as/pgc-live-manage/4he/01uyRJVIfGRm.png,1500,
503081,Aries Card,https://static-comm.bigolive.tv/as/pgc-live-manage/4he/01uyRMeBY9Rs.png,500,
503082,Gemini Card,https://static-comm.bigolive.tv/as/pgc-live-manage/4he/01uyRPuBY9X6.png,500,
503083,Libra Card,https://static-comm.bigolive.tv/as/pgc-live-manage/4hd/11uyRSKR09lOL.png,500,
503084,Sagittarius Card,https://static-comm.bigolive.tv/as/pgc-live-manage/4he/01uyRTlLiJn1.png,500,
503085,Leo Card,https://static-comm.bigolive.tv/as/pgc-live-manage/4he/01uyRVFIfGmy.png,500,
503087,Capricorn Card,https://static-comm.bigolive.tv/as/pgc-live-manage/4hd/01uyRWJAglK1p.png,500,
503089,Virgo Card,https://static-comm.bigolive.tv/as/pgc-live-manage/4hd/11uySZeAjsWIp.png,500,
503091,Taurus Card,https://static-comm.bigolive.tv/as/pgc-live-manage/4he/21uyRYVN8ENi.png,500,
503092,Scorpio Card,https://static-comm.bigolive.tv/as/pgc-live-manage/4he/11uyRZYK40Oh.png,500,
503093,Aquarius Card,https://static-comm.bigolive.tv/as/pgc-live-manage/4he/01uyRaOnAlST.png,500,
503094,Pisces Card,https://static-comm.bigolive.tv/as/pgc-live-manage/4hd/11uyRbJ2bkN8V.png,500,
503096,Cancer Card,https://static-comm.bigolive.tv/as/pgc-live-manage/4he/11uyRddJ3zaC.png,500,
503097,Earth Element,https://static-comm.bigolive.tv/as/pgc-live-manage/4he/01uyRn6nAmt5.png,50,
503098,Water Element,https://static-comm.bigolive.tv/as/pgc-live-manage/4hd/01uyRop4afFFb.png,50,
503099,Wind Element,https://static-comm.bigolive.tv/as/pgc-live-manage/4hd/01uyRplRx2cdj.png,50,
503100,Fire Element,https://static-comm.bigolive.tv/as/pgc-live-manage/4he/01uyRqXnAm1r.png,50,
503109,AK . صح,https://static-comm.bigolive.tv/as/pgc-live-manage/4hd/11uzDoU6fpAr2.png,500,
503112,JieX,https://static-comm.bigolive.tv/as/pgc-live-manage/4he/11uzXZQM8ySP.png,5000,
503115,心动火花,https://static-comm.bigolive.tv/as/pgc-live-manage/4he/11v0XQwYMdzl.png,99,
503117,Moonlit Castle,https://static-comm.bigolive.tv/as/pgc-live-manage/4he/21v0yN7RGuQY.png,1000,
503118,Castle Bookcase,https://static-comm.bigolive.tv/as/pgc-live-manage/4he/21v0yMwNCqM8.png,600,
503119,Hourglass,https://static-comm.bigolive.tv/as/pgc-live-manage/4he/01v0yMjLmw71.png,150,
503120,Ancient Tome,https://static-comm.bigolive.tv/as/pgc-live-manage/4hd/11v0yMSAjusep.png,55,
503121,Coin Bag,https://static-comm.bigolive.tv/as/pgc-live-manage/4hd/11v0yME9itrdk.png,25,
503122,Magic Bottle,https://static-comm.bigolive.tv/as/pgc-live-manage/4hd/01v0yLE9fmhQY.png,15,
503123,Torch,https://static-comm.bigolive.tv/as/pgc-live-manage/4he/21v1zHPRIdKM.png,1,
503124,Rune Key,https://static-comm.bigolive.tv/as/pgc-live-manage/4he/21v1zC0NEZ8u.png,100,
503125,Astrolabe,https://static-comm.bigolive.tv/as/pgc-live-manage/4hd/21v1zCuLu7Hpq.png,1000,
503126,PRESIDENTIAL,https://static-comm.bigolive.tv/as/pgc-live-manage/4he/01v1zEpQtjpw.png,4000,
503127,Water Castle,https://static-comm.bigolive.tv/as/pgc-live-manage/4he/11v1zFgC3B7U.png,10000,
503128,MVP패밀리,https://static-comm.bigolive.tv/as/pgc-live-manage/4he/21v1Eg5RHMVM.png,1,
503129,我們來接你囉,https://static-comm.bigolive.tv/as/pgc-live-manage/4hd/11v0tM05epg98.png,777,
503131,Dino Coin,https://static-comm.bigolive.tv/as/pgc-live-manage/4hd/11v0zUEW5GGrf.png,20,
503134,Maß Bier,https://static-comm.bigolive.tv/as/pgc-live-manage/4he/21v1mUkofdBr.png,1,
503135,Zwei Maß Bier,https://static-comm.bigolive.tv/as/pgc-live-manage/4hd/11v1mbo4dpTp1.png,10,
503136,Brezel,https://static-comm.bigolive.tv/as/pgc-live-manage/4he/01v1mfeJmGRh.png,10,
503137,Schweinshaxe,https://static-comm.bigolive.tv/as/pgc-live-manage/4he/21v1mhDRIG9M.png,20,
503138,Gemischte Wurstplatte,https://static-comm.bigolive.tv/as/pgc-live-manage/4he/11v1miKYOBNx.png,20,
503139,娃塞娃塞,https://static-comm.bigolive.tv/as/pgc-live-manage/4he/01v1zY1NqhJ2.png,10,
503140,パチパチ,https://static-comm.bigolive.tv/as/pgc-live-manage/4hd/11v2QQ9R0CPVv.png,1,
503142,🔥অ💞পে💞ক্ষা🔥,https://static-comm.bigolive.tv/as/pgc-live-manage/4he/01v24frQttYM.png,1000,
503144,Mehedi,https://static-comm.bigolive.tv/as/pgc-live-manage/4he/01v24npiBB4v.png,500,
503146,Rubu Pakhi,https://static-comm.bigolive.tv/as/pgc-live-manage/4he/01v24vHc55Bq.png,500,
503148,Sumon,https://static-comm.bigolive.tv/as/pgc-live-manage/4he/21v24xeMDie1.png,500,
503152,フラワースタンド,https://static-comm.bigolive.tv/as/pgc-live-manage/4he/21v2QUYdVXA4.png,50,
503153,ガチ応援,https://static-comm.bigolive.tv/as/pgc-live-manage/4hd/21v2QZs5esOXi.png,100,
503154,カバーデビュー,https://static-comm.bigolive.tv/as/pgc-live-manage/4he/01v2QnjX1Z7B.png,500,
503155,センター,https://static-comm.bigolive.tv/as/pgc-live-manage/4hd/11v2Qr35eq3Uu.png,1000,
503158,推しうちわ,https://static-comm.bigolive.tv/as/pgc-live-manage/4hd/21v2oUKuThYVg.png,5,
503159,キンブレ,https://static-comm.bigolive.tv/as/pgc-live-manage/4he/01v2oV4Jn0xV.png,11,
503160,ヒール,https://static-comm.bigolive.tv/as/pgc-live-manage/4he/11v2oW9dV0cq.png,22,
503161,バッグ,https://static-comm.bigolive.tv/as/pgc-live-manage/4he/11v2oX0SKpSp.png,55,
503162,アイドルステッキ,https://static-comm.bigolive.tv/as/pgc-live-manage/4hd/11v2oY8Lu7ewe.png,110,
503163,お迎えリムジン,https://static-comm.bigolive.tv/as/pgc-live-manage/4hd/11v2oas2boLfJ.png,200,
503164,応援ヘリコプター,https://static-comm.bigolive.tv/as/pgc-live-manage/4hd/11v35Io5ercQ8.png,300,
503165,スマイルステップ,https://static-comm.bigolive.tv/as/pgc-live-manage/4hd/21v2oer4drilz.png,666,
503166,スターサイン,https://static-comm.bigolive.tv/as/pgc-live-manage/4hd/11v2syk5erRd8.png,888,
503167,ドレスアップ,https://static-comm.bigolive.tv/as/pgc-live-manage/4he/01v2szqMr9ii.png,1000,
503168,新スター誕生,https://static-comm.bigolive.tv/as/pgc-live-manage/4he/01v2t24In5i0.png,1000,
503169,オンリーラブ,https://static-comm.bigolive.tv/as/pgc-live-manage/4hd/21v2t3B6ftnhc.png,3000,
503170,乾杯,https://static-comm.bigolive.tv/as/pgc-live-manage/4hd/21v2t4G5esmhK.png,5000,
503171,グローバルスター,https://static-comm.bigolive.tv/as/pgc-live-manage/4he/21v2t5oogU4f.png,15000,
503176,スターマイク,https://static-comm.bigolive.tv/as/pgc-live-manage/4hd/01v2tuv9foLzw.png,5,
503177,シャンパンタワー,https://static-comm.bigolive.tv/as/pgc-live-manage/4hd/11v2twoAjwXT3.png,20,
503196,Dragon Warrior,https://static-comm.bigolive.tv/as/pgc-live-manage/4he/21v3FOHKDZxt.png,10000,
503198,Knight of Glory,https://static-comm.bigolive.tv/as/pgc-live-manage/4he/21v3FSqMFb5P.png,1000,
503200,Wings of Valor,https://static-comm.bigolive.tv/as/pgc-live-manage/4he/11v3FW9NGO3W.png,500,
503220,BluePrint,https://static-comm.bigolive.tv/as/pgc-live-manage/4hd/11v6t0LR0GDtv.png,399,
503221,BluePrint,https://static-comm.bigolive.tv/as/pgc-live-manage/4he/11v6t1yMLNX1.png,999,
503222,Corn,https://static-comm.bigolive.tv/as/pgc-live-manage/4he/11v7Qe8ddrtS.png,10,
503223,Carrots,https://static-comm.bigolive.tv/as/pgc-live-manage/4he/21v7QdmKKojJ.png,20,
503224,Cabbage,https://static-comm.bigolive.tv/as/pgc-live-manage/4hd/21v7QeO1askwC.png,30,
503225,Tomatoes,https://static-comm.bigolive.tv/as/pgc-live-manage/4he/11v7QbUddrNe.png,40,
503226,Cucumbers,https://static-comm.bigolive.tv/as/pgc-live-manage/4he/21v7QehYY2AZ.png,60,
503227,Banana,https://static-comm.bigolive.tv/as/pgc-live-manage/4he/21v7Q3oMMkBP.png,100,
503228,Broccoli,https://static-comm.bigolive.tv/as/pgc-live-manage/4he/01v7Q3WR3wr3.png,200,
503229,Lemons,https://static-comm.bigolive.tv/as/pgc-live-manage/4hd/01v7Q3H6cpHp2.png,260,
503230,Strawberries,https://static-comm.bigolive.tv/as/pgc-live-manage/4he/11v7Q2xJJQhO.png,500,
503231,Watermelon,https://static-comm.bigolive.tv/as/pgc-live-manage/4he/11v7Q2dYYfsN.png,1000,
503232,Cherry,https://static-comm.bigolive.tv/as/pgc-live-manage/4hd/11v7Q2PGp6bWZ.png,2000,
503233,Grapes,https://static-comm.bigolive.tv/as/pgc-live-manage/4he/11v7Pn9OOUJQ.png,3000,
503234,Chicken Legs,https://static-comm.bigolive.tv/as/pgc-live-manage/4he/01v7PmoLxp8z.png,6000,
503235,Sausage,https://static-comm.bigolive.tv/as/pgc-live-manage/4he/11v7PmYKKQEh.png,10000,
503236,Cheese,https://static-comm.bigolive.tv/as/pgc-live-manage/4hd/11v7PmG6fwQbQ.png,30000,
503237,Fresh SaladBox,https://static-comm.bigolive.tv/as/pgc-live-manage/4he/21v7Pjljj5n9.png,19,
503238,Energy SaladBox,https://static-comm.bigolive.tv/as/pgc-live-manage/4hd/01v7PjV1XkBtC.png,39,
503239,Deluxe SaladBox,https://static-comm.bigolive.tv/as/pgc-live-manage/4he/11v7PjHddjSS.png,99,
503240,Supreme SaladBox,https://static-comm.bigolive.tv/as/pgc-live-manage/4he/11v7Pj3JJP8C.png,199,
503244,奶糖糖陪着你🦁🍬,https://static-comm.bigolive.tv/as/pgc-live-manage/4hd/01v7QPARxAfZj.png,5533,
503249,HUJAN AIS,https://static-comm.bigolive.tv/as/pgc-live-manage/4hd/21v8EQUuTmO4U.png,10000,
503263,Hot Cocoa,https://static-comm.bigolive.tv/as/pgc-live-manage/4he/11v8csiOQeiE.png,60,
503264,Pumpkin Pie,https://static-comm.bigolive.tv/as/pgc-live-manage/4he/11v8cthNPdiK.png,110,
503267,Love Story,https://static-comm.bigolive.tv/as/pgc-live-manage/4hd/01v8qiOLr5p3q.png,5000,
503268,Garuda Flag,https://static-comm.bigolive.tv/as/pgc-live-manage/4he/01v8qsON2O12.png,1,
503272,Alfaza,https://static-comm.bigolive.tv/as/pgc-live-manage/4hd/11v9HFf1aszJ0.png,1000,
503293,Luxurious Carnival,https://static-comm.bigolive.tv/as/pgc-live-manage/4hd/21vEJ2d4d2KJ1.png,10000,
503305,Candy,https://static-comm.bigolive.tv/as/pgc-live-manage/4he/11vAomzJOpia.png,10,
503306,Black Cat,https://static-comm.bigolive.tv/as/pgc-live-manage/4hd/21vAooQGpAlUB.png,120,
503307,Owl,https://static-comm.bigolive.tv/as/pgc-live-manage/4he/21vAopJoud5r.png,200,
503308,Spellbook,https://static-comm.bigolive.tv/as/pgc-live-manage/4he/11vAoqeJOpoO.png,250,
503309,Happy Halloween,https://static-comm.bigolive.tv/as/pgc-live-manage/4hd/21vAordAj4fQF.png,400,
503310,Magic Broom,https://static-comm.bigolive.tv/as/pgc-live-manage/4he/01vAosZBt856.png,500,
503311,Wizard Hat,https://static-comm.bigolive.tv/as/pgc-live-manage/4he/01vAqG2Q8O8k.png,600,
503312,Magic Potion,https://static-comm.bigolive.tv/as/pgc-live-manage/4he/11vAqH7CHkYs.png,750,
503313,Little Spook,https://static-comm.bigolive.tv/as/pgc-live-manage/4hd/11vAqI21auCWC.png,1000,
503314,Ghost,https://static-comm.bigolive.tv/as/pgc-live-manage/4he/01vAqJBL3K8z.png,1500,
503315,Cauldron,https://static-comm.bigolive.tv/as/pgc-live-manage/4he/01vAqK2Q8PFA.png,2000,
503316,Ghost Ship,https://static-comm.bigolive.tv/as/pgc-live-manage/4he/21vAqLqMSDg1.png,3000,
503317,Witch,https://static-comm.bigolive.tv/as/pgc-live-manage/4he/01vAqMgR9QJp.png,4000,
503318,Ghost Knight,https://static-comm.bigolive.tv/as/pgc-live-manage/4he/01vAqNYI0HC0.png,5000,
503319,Haunted Castle,https://static-comm.bigolive.tv/as/pgc-live-manage/4he/01vAqORcKbXG.png,6000,
503323,Frostfire Dragon,https://static-comm.bigolive.tv/as/pgc-live-manage/4he/11vBE6wJPS2m.jpg,1999,
503325,Honor Medals,https://static-comm.bigolive.tv/as/pgc-live-manage/4hd/01vBQdTuQgQ7U.webp,10,
503326,Family Flag,https://static-comm.bigolive.tv/as/pgc-live-manage/4hd/21vBQhs2bw1jt.webp,50,
503327,Battle Drums,https://static-comm.bigolive.tv/as/pgc-live-manage/4he/21vBTQgSZIvR.png,100,
503328,Family Shields,https://static-comm.bigolive.tv/as/pgc-live-manage/4he/21vBTSeCJ2ks.png,300,
503329,Champion Flags,https://static-comm.bigolive.tv/as/pgc-live-manage/4he/11vBTUHYe50x.png,800,
503330,Golden Warships,https://static-comm.bigolive.tv/as/pgc-live-manage/4he/11vBTWHouLKT.png,10000,
503334,DoKeMi,https://static-comm.bigolive.tv/as/pgc-live-manage/4he/11vBp1QNUSWK.png,100,
503335,BaBa YaGa 3.0,https://static-comm.bigolive.tv/as/pgc-live-manage/4hd/11vBpkH5ey3Ii.png,5000,
503351,YourTyan,https://static-comm.bigolive.tv/as/pgc-live-manage/4hd/01vCH8l6ctVG2.png,9999,
503357,出息哥,https://static-comm.bigolive.tv/as/pgc-live-manage/4hd/21vDI8mGpCDLB.png,555,
503359,仔仔的饅頭,https://static-comm.bigolive.tv/as/pgc-live-manage/4hd/01vDZfvGm441l.png,10,
503360,Starlight Box,https://static-comm.bigolive.tv/as/pgc-live-manage/lpsz/1vkZdW00y33lYHC1mm9ki.png,199,
503361,Festival Box,https://static-comm.bigolive.tv/as/pgc-live-manage/lpsz/1vkZd400y33lYHC1RuAs7.png,399,
503362,Shining Box,https://static-comm.bigolive.tv/as/pgc-live-manage/lpsy/1vkZcp00y33lYHC1oMizS.png,199,
503363,Honor Box,https://static-comm.bigolive.tv/as/pgc-live-manage/lpsx/1vkZca00y2TWPL02AHZk1.png,399,
503376,Supreme Crown,https://static-comm.bigolive.tv/as/pgc-live-manage/4he/11vE0pOKWM9h.png,1000,
503377,Light of Wishes,https://static-comm.bigolive.tv/as/pgc-live-manage/4he/01vE0qOYL0kZ.png,1,
503378,Glory Crown,https://static-comm.bigolive.tv/as/pgc-live-manage/4he/11vE0sGSeUOp.png,500,
503379,Radiant Crown,https://static-comm.bigolive.tv/as/pgc-live-manage/4he/01vE0uFREtjk.png,100,
503380,River of Hearts,https://static-comm.bigolive.tv/as/pgc-live-manage/4he/01vE0vcdQ5xq.png,50,
503381,Thousand Lights Glory,https://static-comm.bigolive.tv/as/pgc-live-manage/4hd/01vE0xK2YrPUt.png,300,
503385,Skyline Box,https://static-comm.bigolive.tv/as/pgc-live-manage/4he/21vEOwfRerdY.png,199,
503388,Pumpkin Pie,https://static-comm.bigolive.tv/as/pgc-live-manage/4he/11v8cthNPdiK.png,10,
503401,Skyline Tower,https://static-comm.bigolive.tv/as/pgc-live-manage/4he/11vElXuSgez3.png,6000,
503402,Airport,https://static-comm.bigolive.tv/as/pgc-live-manage/4he/01vElZkK9xGh.png,2000,
503403,City Cross,https://static-comm.bigolive.tv/as/pgc-live-manage/4hd/21vElaZ6f42kQ.png,600,
503404,Neon Train,https://static-comm.bigolive.tv/as/pgc-live-manage/4hd/11vElbx1aycbC.png,300,
503405,Cafe Chill,https://static-comm.bigolive.tv/as/pgc-live-manage/4he/01vEldDOD1SE.png,200,
503406,Graffiti Zone,https://static-comm.bigolive.tv/as/pgc-live-manage/4hd/21vEleT1azxjO.png,100,
503407,Vibe Vender,https://static-comm.bigolive.tv/as/pgc-live-manage/4he/01vElfhC1pMI.png,60,
503410,মেহেদী,https://static-comm.bigolive.tv/as/pgc-live-manage/4hd/11vG6NIGpFKjN.png,100,
503412,Street Cap,https://static-comm.bigolive.tv/as/pgc-live-manage/4he/01vG7AKMEy7P.png,5,
503413,Neon Shades,https://static-comm.bigolive.tv/as/pgc-live-manage/4hd/21vG7BC2b2TWJ.png,10,
503414,Bass Beats,https://static-comm.bigolive.tv/as/pgc-live-manage/4he/11vG7DiduoeS.png,20,
503415,Urban Board,https://static-comm.bigolive.tv/as/pgc-live-manage/4he/21vG7XSo5M5T.png,30,
503416,Sky Loop,https://static-comm.bigolive.tv/as/pgc-live-manage/4hd/01vG7ZWW2NUar.png,1000,
503417,City Haven,https://static-comm.bigolive.tv/as/pgc-live-manage/4he/21vG7dbo5MDf.png,3000,
503418,Trend Box,https://static-comm.bigolive.tv/as/pgc-live-manage/4hd/11vG7gg4d3CjP.png,9,
503419,Urban Box,https://static-comm.bigolive.tv/as/pgc-live-manage/4he/11vG7hBj0xo9.png,19,
503420,Neon Box,https://static-comm.bigolive.tv/as/pgc-live-manage/4he/11vG7tOo52Ff.png,99,
503430,LOVE IS PAIN,https://static-comm.bigolive.tv/as/pgc-live-manage/4he/01vGYDYdXNXS.png,1000,
503433,Content Crown,https://static-comm.bigolive.tv/as/pgc-live-manage/4hp/1ty0Wi0f25e97b15184c5faadb5247b49ad972ph.png,1,
503439,Cheer Light,https://static-comm.bigolive.tv/as/pgc-live-manage/lpsz/1vM36P00y33lYHC1NPLrW.png,10,
503440,Glam Heels,https://static-comm.bigolive.tv/as/pgc-live-manage/lpsz/1vM37v00y2TWPL00vl9Ke.png,250,
503441,Luxury Clutch,https://static-comm.bigolive.tv/as/pgc-live-manage/lpsy/1vM39L00y33lYHC0IkrbB.png,360,
503442,Golden Mic,https://static-comm.bigolive.tv/as/pgc-live-manage/lpsy/1vM39w00y33lYHC1l4KY0.png,500,
503443,Diamond Necklace,https://static-comm.bigolive.tv/as/pgc-live-manage/lpsz/1vM3AO00y33lYHC0kOxr7.png,700,
503444,Idol Scepter,https://static-comm.bigolive.tv/as/pgc-live-manage/lpsx/1vM3B100y2TWPL01PCTGE.png,1000,
503445,Gala Arrival,https://static-comm.bigolive.tv/as/pgc-live-manage/lpsy/1vM3CU00y33lYHC0aBr1s.png,1500,
503446,Shining Stage,https://static-comm.bigolive.tv/as/pgc-live-manage/lpsx/1vM3D100y2TWPL01jM6iK.png,2000,
503447,Global Idol,https://static-comm.bigolive.tv/as/pgc-live-manage/lpsx/1vM3Di00y33lYHC1BiNFO.png,3000,
503448,Festival Rocket,https://static-comm.bigolive.tv/as/pgc-live-manage/lpsx/1vM3EF00y2TWPL01Q3LI4.png,4000,
503449,Idol Coronation,https://static-comm.bigolive.tv/as/pgc-live-manage/lpsy/1vM3FI00y2TWPL020cIN4.png,6000,
503454,Glory Robe,https://static-comm.bigolive.tv/as/pgc-live-manage/lpsz/1vIJVz00y33lYHC08kN8Z.png,50,
503455,Fiery Horn,https://static-comm.bigolive.tv/as/pgc-live-manage/lpsz/1vIJWu00y2TWPL00Dfe15.png,310,
503456,Winning Strike,https://static-comm.bigolive.tv/as/pgc-live-manage/lpsz/1vIJXU00y2TWPL01e6jnh.png,2000,
503457,Triumphant Return,https://static-comm.bigolive.tv/as/pgc-live-manage/lpsx/1vIJY600y2TWPL01XTKQ3.png,6000,
503471,SoSo,https://static-comm.bigolive.tv/as/pgc-live-manage/lpsy/1vJ4WB00y33lYHC0scVqX.png,5000,
503473,StickerChest,https://static-comm.bigolive.tv/as/pgc-live-manage/lpsz/1vJAFP00y2TWPL00lAUBH.png,50,
503474,Dizzy,https://static-comm.bigolive.tv/as/pgc-live-manage/lpsy/1vJB4z00y33lYHC1ScN2w.png,15,
503475,Cat Ears,https://static-comm.bigolive.tv/as/pgc-live-manage/lpsz/1vJB6N00y33lYHC1nm77v.png,25,
503476,Throw Slipper,https://static-comm.bigolive.tv/as/pgc-live-manage/lpsy/1vJB7C00y33lYHC1GLEbV.png,52,
503477,Teddy,https://static-comm.bigolive.tv/as/pgc-live-manage/lpsy/1vJB8600y2TWPL01Rt56M.png,66,
503478,Send Flowers,https://static-comm.bigolive.tv/as/pgc-live-manage/lpsx/1vJB8u00y33lYHC2AigFb.png,150,
503479,Angel Wings,https://static-comm.bigolive.tv/as/pgc-live-manage/lpsz/1vJB9f00y33lYHC1FCgDD.png,500,
503494,Esha’s RoshMalai,https://static-comm.bigolive.tv/as/pgc-live-manage/lpsy/1vJjVk00y2TWPL01RDsMq.png,5000,
503504,Mashulya,https://static-comm.bigolive.tv/as/pgc-live-manage/lpsz/1vKty500y2TWPL00WMyax.png,10000,
503521,Festive Streamers,https://static-comm.bigolive.tv/as/pgc-live-manage/lpsx/1vR9mb00y33lYHC0Bgt8f.png,10,
503522,Coronation Wreath,https://static-comm.bigolive.tv/as/pgc-live-manage/lpsy/1vR9nQ00y33lYHC16PYJu.png,250,
503523,Ceremonial Torch,https://static-comm.bigolive.tv/as/pgc-live-manage/lpsx/1vR9ny00y33lYHC1H2YJ9.png,360,
503524,National Treasure,https://static-comm.bigolive.tv/as/pgc-live-manage/lpsy/1vR9oS00y2TWPL02AKZAh.png,500,
503525,Knight’s Shield,https://static-comm.bigolive.tv/as/pgc-live-manage/lpsx/1vR9pL00y2TWPL0290WeV.png,700,
503526,Oath Sword,https://static-comm.bigolive.tv/as/pgc-live-manage/lpsz/1vR9po00y33lYHC2LAWSY.png,1000,
503527,Royal Carriage,https://static-comm.bigolive.tv/as/pgc-live-manage/lpsy/1vR9xH00y33lYHC1qJpMC.png,1500,
503528,Royal Guards,https://static-comm.bigolive.tv/as/pgc-live-manage/lpsx/1vR9zG00y2TWPL00xKjh4.png,2000,
503529,Celebration Palace,https://static-comm.bigolive.tv/as/pgc-live-manage/lpsz/1vRA1M00y33lYHC1zSbYF.png,3000,
503530,City of Glory,https://static-comm.bigolive.tv/as/pgc-live-manage/lpsz/1vRA3000y2TWPL00vyb9G.png,4000,
503531,Return of the King,https://static-comm.bigolive.tv/as/pgc-live-manage/lpsx/1vRA8z00y33lYHC0umEhx.png,6000,
503536,Tiger,https://static-comm.bigolive.tv/as/pgc-live-manage/lpsz/1vNS7Y00y2TWPL02B53eV.png,1,
503552,DoYaL's GIFT-শাড়ি,https://static-comm.bigolive.tv/as/pgc-live-manage/lpsz/1vQyEe00y33lYHC1bXbrt.png,5000,
503554,Sara JuTT,https://static-comm.bigolive.tv/as/pgc-live-manage/lpsz/1vR5sU00y2TWPL015eM9k.png,1000,
503556,Squirrel & Vampire,https://static-comm.bigolive.tv/as/pgc-live-manage/lpsz/1vR65d00y33lYHC0ZzcDK.png,100,
503558,Gucci,https://static-comm.bigolive.tv/as/pgc-live-manage/lpsz/1vR69400y33lYHC0bfjPR.png,999,
503560,Terminators,https://static-comm.bigolive.tv/as/pgc-live-manage/lpsx/1vR6Gv00y2TWPL012BZh7.png,999,
503562,🌊Deep Ocean 🌊,https://static-comm.bigolive.tv/as/pgc-live-manage/lpsz/1vR6JF00y2TWPL00gWNas.png,999,
503564,BABA YAGA💫,https://static-comm.bigolive.tv/as/pgc-live-manage/lpsx/1vR6Lo00y33lYHC2DvWEK.png,999,
503566,Dance King,https://static-comm.bigolive.tv/as/pgc-live-manage/lpsz/1vR7SE00y33lYHC2KkkOY.png,1000,
503574,MIRACLE,https://static-comm.bigolive.tv/as/pgc-live-manage/lpsy/1vRSNZ00y2TWPL00sxfMA.png,1,
503575,Energy-on Box,https://static-comm.bigolive.tv/as/pgc-live-manage/lpsz/1vSGaF00y2TWPL013ZyGs.png,199,
503576,Squat,https://static-comm.bigolive.tv/as/pgc-live-manage/lpsy/1vSGif00y33lYHC16wF8c.png,250,
503577,Push Up,https://static-comm.bigolive.tv/as/pgc-live-manage/lpsz/1vSGrQ00y33lYHC0RxyzJ.png,360,
503578,Jumping Jack,https://static-comm.bigolive.tv/as/pgc-live-manage/lpsy/1vSGsX00y2TWPL01gC3V2.png,1000,
503579,Single-leg Stand,https://static-comm.bigolive.tv/as/pgc-live-manage/lpsx/1vSGti00y33lYHC24Qtrd.png,1500,
503580,Sit Up,https://static-comm.bigolive.tv/as/pgc-live-manage/lpsy/1vSGub00y33lYHC1Y3HCg.png,2000,
503581,Group Dance,https://static-comm.bigolive.tv/as/pgc-live-manage/lpsx/1vSGwO00y2TWPL0234rcG.png,3000,
503582,Jump Once,https://static-comm.bigolive.tv/as/pgc-live-manage/lpsx/1vSGyp00y2TWPL00iUEaa.png,10,
503585,Christmas Wreath,https://static-comm.bigolive.tv/as/pgc-live-manage/lpsz/1vTIha00y33lYHC134fK0.png,1,
503588,Party Carriage,https://static-comm.bigolive.tv/as/pgc-live-manage/lpsy/1vTIjr00y33lYHC0v6gae.png,1000,
503595,New Year Fireworks,https://static-comm.bigolive.tv/as/pgc-live-manage/lpsz/1vTB2k00y33lYHC134hHe.png,100,
503603,Glowball,https://static-comm.bigolive.tv/as/pgc-live-manage/lpsz/1vSqyX00y2TWPL000qsUY.png,1,
503604,Clink Forward,https://static-comm.bigolive.tv/as/pgc-live-manage/lpsy/1vSr3I00y33lYHC1ioIk1.png,10,
503607,Gift Sleigh,https://static-comm.bigolive.tv/as/pgc-live-manage/lpsy/1vSrDl00y2TWPL01zNla0.png,4000,
503609,Hibiscus,https://static-comm.bigolive.tv/as/pgc-live-manage/lpsy/1vTE7b00y33lYHC10vW83.png,1,
503610,Hibiscus Firework,https://static-comm.bigolive.tv/as/pgc-live-manage/lpsx/1vTED600y33lYHC0Sn8Xb.png,10,
503611,Riverside Noodles,https://static-comm.bigolive.tv/as/pgc-live-manage/lpsz/1vTEHX00y33lYHC0fCyus.png,199,
503621,Keris Guard,https://static-comm.bigolive.tv/as/pgc-live-manage/lpsz/1vTbsp00y33lYHC15oPvQ.png,1,
503622,Teh Tarik,https://static-comm.bigolive.tv/as/pgc-live-manage/lpsz/1vTbum00y33lYHC14JBVT.png,10,
503623,Flying Roti,https://static-comm.bigolive.tv/as/pgc-live-manage/lpsy/1vTbwJ00y2TWPL020PlDd.png,100,
503625,Tiger King,https://static-comm.bigolive.tv/as/pgc-live-manage/lpsy/1vTbyr00y33lYHC1aMOTI.png,5000,
503627,Tarsier Cutie,https://static-comm.bigolive.tv/as/pgc-live-manage/lpsx/1vV4MP00y2TWPL01R7PPu.png,1,
503628,Paw Lover,https://static-comm.bigolive.tv/as/pgc-live-manage/lpsz/1vV50X00y2TWPL013oFUS.png,2,
503629,Eagle Swoop,https://static-comm.bigolive.tv/as/pgc-live-manage/lpsy/1vV4Re00y2TWPL016mnCi.png,100,
503631,Whale Splash,https://static-comm.bigolive.tv/as/pgc-live-manage/lpsx/1vV4UD00y2TWPL00scViF.png,5000,
503636,Act cute,https://static-comm.bigolive.tv/as/pgc-live-manage/lpsz/1vVUDh00y2TWPL00lvKeL.png,10,
503637,Voice check,https://static-comm.bigolive.tv/as/pgc-live-manage/lpsy/1vVUHY00y2TWPL01lny2j.png,120,
503638,Sing,https://static-comm.bigolive.tv/as/pgc-live-manage/lpsx/1vVUII00y33lYHC0rWwoy.png,160,
503639,Call-in,https://static-comm.bigolive.tv/as/pgc-live-manage/lpsz/1vVUKj00y33lYHC0Kxtyc.png,500,
503640,Play together,https://static-comm.bigolive.tv/as/pgc-live-manage/lpsy/1vVULj00y33lYHC1CEiI9.png,700,
503641,Sleep talk,https://static-comm.bigolive.tv/as/pgc-live-manage/lpsx/1vVURQ00y2TWPL01vmUyN.png,1000,
503642,Virtual lover,https://static-comm.bigolive.tv/as/pgc-live-manage/lpsz/1vVUSJ00y33lYHC1mRUUe.png,1500,
503643,Heartbeat Voice Box,https://static-comm.bigolive.tv/as/pgc-live-manage/lpsy/1vVUYN00y2TWPL00Bnr62.png,99,
503647,Colorful Sock,https://static-comm.bigolive.tv/as/pgc-live-manage/lpsx/1vVoiD00y33lYHC0PZj2R.png,99,
503648,Magical Sock,https://static-comm.bigolive.tv/as/pgc-live-manage/lpsx/1vVomd00y33lYHC0RTJNs.png,199,
503651,Antlers,https://static-comm.bigolive.tv/as/pgc-live-manage/lpsx/1vVovn00y2TWPL01t9ZDU.png,10,
503652,Candy Cane,https://static-comm.bigolive.tv/as/pgc-live-manage/lpsy/1vVowx00y2TWPL00SO8aC.png,120,
503653,Gingerbread,https://static-comm.bigolive.tv/as/pgc-live-manage/lpsy/1vVoyu00y2TWPL00GgPrr.png,160,
503654,Peace Apple,https://static-comm.bigolive.tv/as/pgc-live-manage/lpsz/1vVp1G00y2TWPL01fW2w9.png,250,
503655,Santa Hat,https://static-comm.bigolive.tv/as/pgc-live-manage/lpsz/1vVp3500y2TWPL029eTZz.png,360,
503656,Christmas Booth,https://static-comm.bigolive.tv/as/pgc-live-manage/lpsy/1vVp4N00y33lYHC0LMy8x.png,500,
503657,Snow Globe,https://static-comm.bigolive.tv/as/pgc-live-manage/lpsx/1vVp5w00y2TWPL00QdQtz.png,700,
503658,Gramophone,https://static-comm.bigolive.tv/as/pgc-live-manage/lpsy/1vVp6k00y33lYHC0C0xvr.png,1000,
503659,Lucky Wreath,https://static-comm.bigolive.tv/as/pgc-live-manage/lpsy/1vVp9300y33lYHC1edEwh.png,1500,
503660,Christmas Cake,https://static-comm.bigolive.tv/as/pgc-live-manage/lpsz/1vVpC800y33lYHC02NQhM.png,2000,
503661,Reindeer Sleigh,https://static-comm.bigolive.tv/as/pgc-live-manage/lpsy/1vVpDG00y33lYHC1UIEkb.png,3000,
503662,Santa Claus,https://static-comm.bigolive.tv/as/pgc-live-manage/lpsx/1vVpEG00y2TWPL002D6HP.png,4000,
503663,Christmas Wish,https://static-comm.bigolive.tv/as/pgc-live-manage/lpsy/1vVr2U00y2TWPL00vPm3x.png,5000,
503664,Christmas Land,https://static-comm.bigolive.tv/as/pgc-live-manage/lpsy/1vVpG700y2TWPL01Jxg1s.png,6000,
503665,وردة العائلة,https://static-comm.bigolive.tv/as/pgc-live-manage/lpsy/1vYcOs00y2TWPL0046wx8.png,1,
503666,Party Box,https://static-comm.bigolive.tv/as/pgc-live-manage/lpsy/1vYxi000y2TWPL014mjlG.png,199,
503667,Instant Success,https://static-comm.bigolive.tv/as/pgc-live-manage/lpsx/1vYjgT00y33lYHC2B023E.png,60,
503668,Wish Granted,https://static-comm.bigolive.tv/as/pgc-live-manage/lpsy/1vYi6C00y33lYHC076sLU.png,100,
503669,Lucky Year,https://static-comm.bigolive.tv/as/pgc-live-manage/lpsz/1vYi7i00y2TWPL00Mbm57.png,200,
503670,Festive Lights,https://static-comm.bigolive.tv/as/pgc-live-manage/lpsy/1vYiC400y2TWPL01uCoha.png,300,
503671,Confetti Cannon,https://static-comm.bigolive.tv/as/pgc-live-manage/lpsx/1vYiHr00y2TWPL00Ot5n7.png,600,
503672,Yacht Party,https://static-comm.bigolive.tv/as/pgc-live-manage/lpsx/1vYiGI00y2TWPL01DlzYK.png,2000,
503673,New-year Celebration,https://static-comm.bigolive.tv/as/pgc-live-manage/lpsx/1vYiCI00y2TWPL017e4Lb.png,6000,
503680,Pig God,https://static-comm.bigolive.tv/as/pgc-live-manage/lpsz/1vXba500y33lYHC0on2ba.png,100,
503682,Guide Star,https://static-comm.bigolive.tv/as/pgc-live-manage/lpsx/1vXbeo00y33lYHC0VdX3Y.png,500,
503684,God of PaPa,https://static-comm.bigolive.tv/as/pgc-live-manage/lpsx/1vXbib00y33lYHC0tfbbE.png,1000,
503688,PERFECT,https://static-comm.bigolive.tv/as/pgc-live-manage/lpsx/1vXcMe00y2TWPL02EqxCd.png,1011,
503706,New-year Box,https://static-comm.bigolive.tv/as/pgc-live-manage/lpsz/1vYxfu00y33lYHC19zx08.png,99,
503707,Wish Box,https://static-comm.bigolive.tv/as/pgc-live-manage/lpsy/1vYxfM00y2TWPL01RXrtE.png,19,
503708,Lucky Box,https://static-comm.bigolive.tv/as/pgc-live-manage/lpsy/1vYxdC00y2TWPL00CZItX.png,9,
503709,New-year Countdown,https://static-comm.bigolive.tv/as/pgc-live-manage/lpsy/1vYirN00y2TWPL006rqkZ.png,3000,
503710,Fireworks Show,https://static-comm.bigolive.tv/as/pgc-live-manage/lpsz/1vYitj00y2TWPL01s8oPN.png,1000,
503711,2026,https://static-comm.bigolive.tv/as/pgc-live-manage/lpsx/1vYirV00y33lYHC1Xytno.png,5,
503712,Party Horn,https://static-comm.bigolive.tv/as/pgc-live-manage/lpsz/1vYixZ00y2TWPL00N6cDx.png,10,
503713,New-year Bunting,https://static-comm.bigolive.tv/as/pgc-live-manage/lpsz/1vYizZ00y33lYHC0fKOFZ.png,20,
503714,Happy New Year,https://static-comm.bigolive.tv/as/pgc-live-manage/lpsz/1vYj0m00y33lYHC0KTnWf.png,30,
503717,Roaring Bear,https://static-comm.bigolive.tv/as/pgc-live-manage/lpsx/1vYkwZ00y2TWPL01g2owr.png,5000,
503719,Galloping Horse,https://static-comm.bigolive.tv/as/pgc-live-manage/lpsz/1vYmO900y2TWPL01BGIYi.png,5000,
503722,Flowers for you,https://static-comm.bigolive.tv/as/pgc-live-manage/lpsz/1vZ1GT00y2TWPL00P71vt.png,100,
503737,Jade Dragon Orb,https://static-comm.bigolive.tv/as/pgc-live-manage/lpsy/1va6P500y2TWPL01kEBtl.png,119,
503738,True Dragon Orb,https://static-comm.bigolive.tv/as/pgc-live-manage/lpsz/1va6QC00y2TWPL001fzxj.png,299,
503739,Divine Dragon Orb,https://static-comm.bigolive.tv/as/pgc-live-manage/lpsz/1va6Qr00y33lYHC1Fy1VN.png,599,
503740,Dragon Egg,https://static-comm.bigolive.tv/as/pgc-live-manage/lpsz/1va6SQ00y2TWPL01CImF4.png,30,
503742,Dragon Pearl,https://static-comm.bigolive.tv/as/pgc-live-manage/lpsz/1va6Ud00y2TWPL002Uvuy.png,300,
503743,Spark Hatchling,https://static-comm.bigolive.tv/as/pgc-live-manage/lpsz/1va6XK00y33lYHC1jdxN1.png,3000,
503744,Frost Dragon,https://static-comm.bigolive.tv/as/pgc-live-manage/lpsx/1va6Ya00y2TWPL00P0wbd.png,10000,
503745,Ancient Dragon,https://static-comm.bigolive.tv/as/pgc-live-manage/lpsz/1va6ZN00y33lYHC1QJAbV.png,50000,
503746,Inferno Dragon,https://static-comm.bigolive.tv/as/pgc-live-manage/lpsx/1va6Zx00y33lYHC0exoVY.png,50000,
503758,Cross-screen gifts - test,https://static-comm.bigolive.tv/as/pgc-live-manage/lpsy/1vODXF00y33lYHC2AUCIj.png,1,
503759,Kimsin0314,https://static-comm.bigolive.tv/as/pgc-live-manage/lpsx/1vaU7J00y2TWPL00tcaFp.png,5000,
503763,Siesta,https://static-comm.bigolive.tv/as/pgc-live-manage/lpsy/1vaVNq00y33lYHC0q8ffK.png,5000,
503778,温泉GO,https://static-comm.bigolive.tv/as/pgc-live-manage/3s4/04K220.png,1,
503779,Jodz0492,https://static-comm.bigolive.tv/as/pgc-live-manage/lpsz/1vch3200y33lYHC1vnwCQ.png,500,
503781,♟️gιяℓу❤️,https://static-comm.bigolive.tv/as/pgc-live-manage/lpsy/1vch7200y2TWPL026tc9b.png,500,
503783,Run it Up,https://static-comm.bigolive.tv/as/pgc-live-manage/lpsx/1vch9W00y2TWPL00ZxgGD.png,1000,
503785,RAW,https://static-comm.bigolive.tv/as/pgc-live-manage/lpsz/1vchT600y2TWPL00JdG07.png,1000,
503793,🔱海神柚你🥑,https://static-comm.bigolive.tv/as/pgc-live-manage/lpsx/1vdPgt00y33lYHC0SHWp7.png,6617,
503798,Snowflake,https://static-comm.bigolive.tv/as/pgc-live-manage/lpsy/1vdhFA00y33lYHC1qR0d8.png,5,
503799,Cake,https://static-comm.bigolive.tv/as/pgc-live-manage/lpsz/1vdhHU00y33lYHC1buiEe.png,10,
503800,Gloves,https://static-comm.bigolive.tv/as/pgc-live-manage/lpsz/1vdhLX00y2TWPL01HRPIf.png,20,
503801,Earmuffs,https://static-comm.bigolive.tv/as/pgc-live-manage/lpsz/1vdhMK00y2TWPL0140IZf.png,30,
503802,Scarf,https://static-comm.bigolive.tv/as/pgc-live-manage/lpsz/1vdhNs00y2TWPL01LyxHc.png,50,
503803,Sweater,https://static-comm.bigolive.tv/as/pgc-live-manage/lpsz/1vdhOh00y33lYHC1p3QXi.png,100,
503804,Snowman,https://static-comm.bigolive.tv/as/pgc-live-manage/lpsy/1vdhPU00y2TWPL00Hs9G2.png,200,
503805,Snow Hut,https://static-comm.bigolive.tv/as/pgc-live-manage/lpsy/1vdhQI00y2TWPL01ZlQIX.png,300,
503806,Skiing,https://static-comm.bigolive.tv/as/pgc-live-manage/lpsy/1vdhSv00y2TWPL006hIw9.png,600,
503807,Snowforest,https://static-comm.bigolive.tv/as/pgc-live-manage/lpsx/1vdhTi00y33lYHC0pRXDo.png,1000,
503808,Aurora,https://static-comm.bigolive.tv/as/pgc-live-manage/lpsz/1vdhUm00y2TWPL01A24cd.png,1600,
503809,Snow Express,https://static-comm.bigolive.tv/as/pgc-live-manage/lpsz/1vdhVc00y33lYHC15JRR7.png,3000,
503810,Ice Wonderland,https://static-comm.bigolive.tv/as/pgc-live-manage/lpsy/1vdhWN00y2TWPL020iHN5.png,6000,
503811,Cozy Box,https://static-comm.bigolive.tv/as/pgc-live-manage/lpsx/1vhooX00y33lYHC1bJGOj.png,19,
503812,Shining Box,https://static-comm.bigolive.tv/as/pgc-live-manage/lpsz/1vhonx00y33lYHC0F3wFm.png,39,
503813,Lovely Box,https://static-comm.bigolive.tv/as/pgc-live-manage/lpsx/1vhom900y2TWPL00w6Uj1.png,99,
503815,粥粥,https://static-comm.bigolive.tv/as/pgc-live-manage/lpsz/1vdfgf00y33lYHC1maW4E.png,100,
503816,World Ball,https://static-comm.bigolive.tv/as/pgc-live-manage/lpsy/1vdg6400y33lYHC1Dool9.png,100,
503856,DINO Goal!,https://static-comm.bigolive.tv/as/pgc-live-manage/lpsz/1vfYqz00y2TWPL00NXmZs.png,100,
503858,Dreamy Box,https://static-comm.bigolive.tv/as/pgc-live-manage/lpsy/1vholQ00y33lYHC1ljclI.png,199,
503860,HAYOUNG,https://static-comm.bigolive.tv/as/pgc-live-manage/lpsx/1w8XyL00y2TWPL003UgqG.png,1,
503866,PANGERAN,https://static-comm.bigolive.tv/as/pgc-live-manage/lpsx/1vgCjx00y2TWPL02J1m0a.png,100,
503869,SÓI,https://static-comm.bigolive.tv/as/pgc-live-manage/lpsz/1vgIp300y33lYHC0Z3ued.png,10000,
503881,Masskara Festival,https://static-comm.bigolive.tv/as/pgc-live-manage/lpsx/1vge3t00y2TWPL02ImDbK.png,1,
503887,🐘Ning🔥,https://static-comm.bigolive.tv/as/pgc-live-manage/lpsx/1vhetx00y33lYHC1ALzXN.png,200,
503890,mizraphuner,https://static-comm.bigolive.tv/as/pgc-live-manage/lpsz/1vhk3m00y33lYHC0htwDh.png,1000,
503891,Glitter Dragon,https://static-comm.bigolive.tv/as/pgc-live-manage/lpsy/1vhlpb00y2TWPL01mhofs.png,10000,
503893,🥳Masque,https://static-comm.bigolive.tv/as/pgc-live-manage/lpsz/1vhlsK00y2TWPL01skeTO.png,1,
503894,🥳Groove,https://static-comm.bigolive.tv/as/pgc-live-manage/lpsx/1vhlua00y33lYHC0oFbkr.png,100,
503896,🥳Parade,https://static-comm.bigolive.tv/as/pgc-live-manage/lpsx/1vhlwE00y33lYHC0mp4Zq.png,2000,
503905,Boost Drink,https://static-comm.bigolive.tv/as/pgc-live-manage/lpsz/1vholi00y2TWPL01NKsTT.png,15,
503906,Encrypted Key,https://static-comm.bigolive.tv/as/pgc-live-manage/lpsz/1vhomO00y33lYHC20lAUP.png,25,
503907,Intel Dossier,https://static-comm.bigolive.tv/as/pgc-live-manage/lpsx/1vhonF00y2TWPL01vVM1k.png,60,
503908,Recon Drone,https://static-comm.bigolive.tv/as/pgc-live-manage/lpsz/1vhoo000y2TWPL00K6d89.png,110,
503909,Tactical Watch,https://static-comm.bigolive.tv/as/pgc-live-manage/lpsz/1vhooa00y33lYHC2APHDq.png,300,
503910,Secure Drive,https://static-comm.bigolive.tv/as/pgc-live-manage/lpsx/1vhopC00y33lYHC14sJ9f.png,25,
503911,Comms Radio,https://static-comm.bigolive.tv/as/pgc-live-manage/lpsy/1vhopi00y33lYHC0w61VP.png,60,
503912,Combat Visor,https://static-comm.bigolive.tv/as/pgc-live-manage/lpsx/1vhoqd00y33lYHC24yaxG.png,110,
503913,Hypercar,https://static-comm.bigolive.tv/as/pgc-live-manage/lpsx/1vhor500y33lYHC0Zz48w.png,300,
503914,Agent Reveal,https://static-comm.bigolive.tv/as/pgc-live-manage/lpsx/1vhosr00y33lYHC1YBqWK.png,1000,
503915,Cryptex,https://static-comm.bigolive.tv/as/pgc-live-manage/lpsx/1vhote00y2TWPL00xK66L.png,50,
503916,African Heartstone,https://static-comm.bigolive.tv/as/pgc-live-manage/lpsx/1vhovi00y33lYHC21TSd1.png,100,
503917,Heirloom Jade Seal,https://static-comm.bigolive.tv/as/pgc-live-manage/lpsz/1vhozy00y33lYHC2JsVVT.png,210,
503918,Exhibit Beast,https://static-comm.bigolive.tv/as/pgc-live-manage/lpsx/1vhpKq00y33lYHC01HaGc.png,500,
503919,Top Secret Operation,https://static-comm.bigolive.tv/as/pgc-live-manage/lpsx/1vj75000y33lYHC14i3L1.png,3000,
503920,Final Showdown,https://static-comm.bigolive.tv/as/pgc-live-manage/lpsz/1vj75H00y33lYHC1himtD.png,10000,
503921,Spy Night Gala,https://static-comm.bigolive.tv/as/pgc-live-manage/lpsz/1vj76A00y2TWPL00u40j7.png,30000,
503926,JAGUARS,https://static-comm.bigolive.tv/as/pgc-live-manage/lpsx/1viUqS00y33lYHC0U8KGf.png,1000,
503932,BETA  Ailesi,https://static-comm.bigolive.tv/as/pgc-live-manage/lpsx/1vijSX00y2TWPL02L6A3E.png,10000,
503935,패밀리 기적의 용사,https://static-comm.bigolive.tv/as/pgc-live-manage/lpsz/1vis3v00y2TWPL00EYj1d.png,299,
503936,DEMON TIME EXCLUSIVE,https://static-comm.bigolive.tv/as/pgc-live-manage/lpsz/1visCa00y33lYHC1w3oAT.png,1500,
503937,DEMON TIME MEDAL,https://static-comm.bigolive.tv/as/pgc-live-manage/lpsy/1visEV00y2TWPL01uNrCh.png,50,
503938,THE MONEY MAN,https://static-comm.bigolive.tv/as/pgc-live-manage/lpsy/1visFD00y33lYHC1sJN8w.png,1888,
503939,KING OF BIGO,https://static-comm.bigolive.tv/as/pgc-live-manage/lpsz/1visG100y2TWPL01V1CI3.png,3000,
503940,PAPI & BARBIES NIGHTOUT,https://static-comm.bigolive.tv/as/pgc-live-manage/lpsx/1visGh00y2TWPL01VSEj4.png,6000,
503941,Love Yacht,https://static-comm.bigolive.tv/as/pgc-live-manage/4he/21tSxIgaoYDL.png,48000,
503942,Royal Waltz,https://static-comm.bigolive.tv/as/pgc-live-manage/4he/21tSxMFBPB8h.png,96000,
503943,Sweet albert,https://static-comm.bigolive.tv/as/pgc-live-manage/lpsx/1vkYeK00y2TWPL01UYNym.png,10000,
503959,Cipapa,https://static-comm.bigolive.tv/as/pgc-live-manage/lpsx/1vkwhB00y2TWPL00yXrDf.png,100,
503991,回必夠,https://static-comm.bigolive.tv/as/pgc-live-manage/lpsz/1vlOkK00y2TWPL00V9fld.png,88,
503998,🔥F 12 E🔥,https://static-comm.bigolive.tv/as/pgc-live-manage/lpsy/1vmo2900y2TWPL023o8dv.png,10000,
504000,Laser Flash Card,https://static-comm.bigolive.tv/as/pgc-live-manage/lpsz/1vullB00y33lYHC2IChFE.png,1,
504001,Glory Milestone,https://static-comm.bigolive.tv/as/pgc-live-manage/lpsx/1vulkq00y2TWPL02HU7EX.png,100,
504003,Flying Dragon Banner,https://static-comm.bigolive.tv/as/pgc-live-manage/lpsx/1vulk400y2TWPL02IPNKb.png,1000,
504005,Starlight Dragon Envoy,https://static-comm.bigolive.tv/as/pgc-live-manage/lpsx/1vuljg00y33lYHC0JcKXM.png,10000,
504007,Grand Entrance,https://static-comm.bigolive.tv/as/pgc-live-manage/lpsx/1vuliq00y33lYHC0j4Xbe.png,5000,
504017,Heart,https://static-comm.bigolive.tv/as/pgc-live-manage/lpsx/1vnHVY00y33lYHC18navN.png,5,
504018,Love Letter,https://static-comm.bigolive.tv/as/pgc-live-manage/lpsx/1vnHWG00y33lYHC1Avk4m.png,10,
504019,LOVE Balloon,https://static-comm.bigolive.tv/as/pgc-live-manage/lpsz/1vnHWl00y2TWPL00u0008.png,20,
504020,Chocolate,https://static-comm.bigolive.tv/as/pgc-live-manage/lpsx/1vnHX900y2TWPL00hMdgs.png,30,
504021,Love Necklace,https://static-comm.bigolive.tv/as/pgc-live-manage/lpsz/1vnHXb00y33lYHC171qKL.png,60,
504022,Rose Bouquet,https://static-comm.bigolive.tv/as/pgc-live-manage/lpsz/1vnHYF00y33lYHC0BnhEn.png,100,
504023,Diamond Ring,https://static-comm.bigolive.tv/as/pgc-live-manage/lpsy/1vnHYn00y2TWPL01y89E7.png,200,
504024,Cupid’s Arrow,https://static-comm.bigolive.tv/as/pgc-live-manage/lpsz/1vnHZJ00y2TWPL00imVUl.png,300,
504025,Romantic Balloon,https://static-comm.bigolive.tv/as/pgc-live-manage/lpsy/1vpI6V00y33lYHC1tNEby.png,600,
504026,Love Castle,https://static-comm.bigolive.tv/as/pgc-live-manage/lpsz/1vnbE800y33lYHC1CdGJH.png,1000,
504027,Romantic Dance,https://static-comm.bigolive.tv/as/pgc-live-manage/lpsx/1vnHar00y33lYHC1lIfTa.png,2000,
504028,Honeymoon Trip,https://static-comm.bigolive.tv/as/pgc-live-manage/lpsz/1vpI4z00y33lYHC1nHgEQ.png,3000,
504029,Century Wedding,https://static-comm.bigolive.tv/as/pgc-live-manage/lpsx/1vnbEQ00y33lYHC1pAB32.png,6000,
504035,Fun Claw,https://static-comm.bigolive.tv/as/pgc-live-manage/lpsy/1vnu5r00y33lYHC0FUiTv.png,99,
504036,Color Claw,https://static-comm.bigolive.tv/as/pgc-live-manage/lpsz/1vnu5g00y2TWPL01AbjaZ.png,199,
504037,Surprise Claw,https://static-comm.bigolive.tv/as/pgc-live-manage/lpsz/1vnu5E00y2TWPL015NmwY.png,299,
504038,Dream Claw,https://static-comm.bigolive.tv/as/pgc-live-manage/lpsx/1vnu4o00y33lYHC0ZEAp6.png,399,
504039,Cotton Candy,https://static-comm.bigolive.tv/as/pgc-live-manage/lpsy/1vnbKY00y2TWPL02FW4UX.png,10,
504040,Park Ticket,https://static-comm.bigolive.tv/as/pgc-live-manage/lpsz/1vnbMZ00y33lYHC0zpNom.png,120,
504041,Instant camera,https://static-comm.bigolive.tv/as/pgc-live-manage/lpsx/1vnbOm00y33lYHC0sqGzo.png,160,
504042,Balloon,https://static-comm.bigolive.tv/as/pgc-live-manage/lpsy/1vnbQu00y33lYHC0OM5Ze.png,250,
504043,Dessert Cart,https://static-comm.bigolive.tv/as/pgc-live-manage/lpsz/1vnbS500y33lYHC0Iftxx.png,360,
504044,Clown Show,https://static-comm.bigolive.tv/as/pgc-live-manage/lpsz/1vnbT200y33lYHC0ofYxv.png,500,
504045,Street Band,https://static-comm.bigolive.tv/as/pgc-live-manage/lpsx/1vnbTs00y33lYHC0ju4u1.png,700,
504046,Music Fountain,https://static-comm.bigolive.tv/as/pgc-live-manage/lpsz/1vnbUw00y33lYHC0UdzFr.png,1000,
504047,Carousel,https://static-comm.bigolive.tv/as/pgc-live-manage/lpsx/1vnbVl00y33lYHC0bv1Bt.png,1500,
504048,Pirate Ship,https://static-comm.bigolive.tv/as/pgc-live-manage/lpsx/1vnbWo00y33lYHC17TI4N.png,2000,
504049,Swing Ride,https://static-comm.bigolive.tv/as/pgc-live-manage/lpsx/1vnbXX00y2TWPL02CNs1F.png,3000,
504050,Ferris Wheel,https://static-comm.bigolive.tv/as/pgc-live-manage/lpsy/1vnbYY00y2TWPL003Actw.png,4000,
504051,Parade Float,https://static-comm.bigolive.tv/as/pgc-live-manage/lpsy/1vnbaD00y2TWPL008wuH6.png,5000,
504052,Sunset Coaster,https://static-comm.bigolive.tv/as/pgc-live-manage/lpsx/1vnbbC00y33lYHC1pGMKG.png,6000,
504056,Eid al-Fitr Blessing,https://static-comm.bigolive.tv/as/pgc-live-manage/4he/11tsFcqagdTG.png,10000,
504058,GHOST RIDER by JB,https://static-comm.bigolive.tv/as/pgc-live-manage/lpsz/1voGwh00y33lYHC2Byz3W.png,39999,
504060,Lucky Lion,https://static-comm.bigolive.tv/as/pgc-live-manage/lpsx/1voHdy00y33lYHC1dBaml.png,2888,
504062,Cheers 2026,https://static-comm.bigolive.tv/as/pgc-live-manage/lpsz/1voHfk00y33lYHC1pLTgm.png,8888,
504064,Golden Pop,https://static-comm.bigolive.tv/as/pgc-live-manage/lpsy/1voHzx00y33lYHC0ua9qh.png,100,
504069,Masquerade,https://static-comm.bigolive.tv/as/pgc-live-manage/lpsy/1vpI9B00y2TWPL00ZCt0z.png,1,
504070,Diamond Bloom,https://static-comm.bigolive.tv/as/pgc-live-manage/lpsy/1vpIEF00y2TWPL01a0tKK.png,1,
504071,Champagne Tower,https://static-comm.bigolive.tv/as/pgc-live-manage/lpsy/1wA2Pz00y2TWPL01P66u5.png,120,
504073,Sapphire Butterfly,https://static-comm.bigolive.tv/as/pgc-live-manage/lpsy/1vpMIG00y33lYHC0Hg6Om.png,1000,
504075,Crystal Butterfly,https://static-comm.bigolive.tv/as/pgc-live-manage/lpsy/1vpMM800y33lYHC2Bq8sB.png,1200,
504079,Ivory Tiger,https://static-comm.bigolive.tv/as/pgc-live-manage/lpsy/1vpMu000y33lYHC0QgCVu.png,6000,
504081,Royal Supercar,https://static-comm.bigolive.tv/as/pgc-live-manage/lpsy/1vpMyR00y2TWPL00QXuUN.png,10000,
504083,Galaxy Supercar,https://static-comm.bigolive.tv/as/pgc-live-manage/lpsx/1vpN6B00y2TWPL01RdymZ.png,12000,
504085,King’s Throne,https://static-comm.bigolive.tv/as/pgc-live-manage/lpsy/1vpNGh00y2TWPL00ocwhq.png,39999,
504087,Royal Dance,https://static-comm.bigolive.tv/as/pgc-live-manage/lpsz/1vpNKW00y2TWPL02FVHJ8.png,48000,
504089,Diamond Masquerade,https://static-comm.bigolive.tv/as/pgc-live-manage/lpsz/1wA0TS00y2TWPL01tOWCp.png,80000,
504093,🏆KUYUMCU🏆,https://static-comm.bigolive.tv/as/pgc-live-manage/lpsz/1vpcY600y33lYHC06eloE.png,5000,
504095,Блины,https://static-comm.bigolive.tv/as/pgc-live-manage/lpsz/1vppt100y2TWPL01DkFIu.png,10,
504096,Масленица,https://static-comm.bigolive.tv/as/pgc-live-manage/lpsz/1vpq9C00y33lYHC213Unl.png,100,
504100,Entry Pass,https://static-comm.bigolive.tv/as/pgc-live-manage/lpsy/1vpzyL00y2TWPL00bXprT.png,1,
504105,Steed‘s Arrival,https://static-comm.bigolive.tv/as/pgc-live-manage/lpsy/1vq2wc00y2TWPL00Kn61o.png,2888,
504107,Ramadan nights,https://static-comm.bigolive.tv/as/pgc-live-manage/lpsx/1vq12D00y2TWPL006LIm3.png,1000,
504109,Ramadan iftar,https://static-comm.bigolive.tv/as/pgc-live-manage/lpsz/1vq17s00y2TWPL022EoNI.png,3000,
504113,Fortune Arrives,https://static-comm.bigolive.tv/as/pgc-live-manage/lpsx/1vqTgN00y33lYHC1m9pXC.png,100,
504115,Gallop Luck,https://static-comm.bigolive.tv/as/pgc-live-manage/lpsx/1vq32d00y2TWPL00Q4cMU.png,100,
504117,Kimsin0134,https://static-comm.bigolive.tv/as/pgc-live-manage/lpsx/1vq3ik00y33lYHC10BOtm.png,10000,
504119,Royal Masquerade,https://static-comm.bigolive.tv/as/pgc-live-manage/lpsy/1wA2Qs00y2TWPL02I1Kte.png,96000,
504120,Spring Red Envelope,https://static-comm.bigolive.tv/as/pgc-live-manage/lpsx/1vq4iq00y33lYHC0Ekfax.png,33,
504121,Joyful Red Envelope,https://static-comm.bigolive.tv/as/pgc-live-manage/lpsx/1vq4vk00y33lYHC20iVrC.png,66,
504122,Lucky Red Envelope,https://static-comm.bigolive.tv/as/pgc-live-manage/lpsx/1vq4wf00y33lYHC1R9bcF.png,99,
504123,Fortune Red Envelope,https://static-comm.bigolive.tv/as/pgc-live-manage/lpsy/1vq4zG00y2TWPL00jBG28.png,188,
504124,Fortune Arrives,https://static-comm.bigolive.tv/as/pgc-live-manage/lpsx/1vq53w00y33lYHC0j5GNY.png,10,
504125,Lucky Fan,https://static-comm.bigolive.tv/as/pgc-live-manage/lpsz/1vq54f00y33lYHC21mdVn.png,18,
504126,Gold Ingot,https://static-comm.bigolive.tv/as/pgc-live-manage/lpsz/1vq58600y2TWPL00gjI9H.png,36,
504127,Red Lanterns,https://static-comm.bigolive.tv/as/pgc-live-manage/lpsy/1vq58n00y2TWPL0270PZt.png,69,
504128,Firecrackers,https://static-comm.bigolive.tv/as/pgc-live-manage/lpsy/1vq5Ak00y2TWPL01PKQPt.png,108,
504129,Lucky Koi,https://static-comm.bigolive.tv/as/pgc-live-manage/lpsx/1vq5BV00y2TWPL011u9pL.png,200,
504130,Wealth God,https://static-comm.bigolive.tv/as/pgc-live-manage/lpsx/1vq5CU00y33lYHC24KXwq.png,288,
504131,Lion Dance,https://static-comm.bigolive.tv/as/pgc-live-manage/lpsx/1vq5D200y33lYHC26LbPr.png,566,
504132,Firework Night,https://static-comm.bigolive.tv/as/pgc-live-manage/lpsz/1vq5Ew00y33lYHC1SYU0B.png,1000,
504133,Golden Dragon,https://static-comm.bigolive.tv/as/pgc-live-manage/lpsx/1vq5FY00y33lYHC0X3RbC.png,1888,
504134,Heavenly Steed,https://static-comm.bigolive.tv/as/pgc-live-manage/lpsx/1vq5GC00y33lYHC0uhGK2.png,5666,
504143,ขอร้อง,https://static-comm.bigolive.tv/as/pgc-live-manage/lpsx/1vq7yO00y2TWPL02A1uBI.png,100,
504145,Raya Hamper,https://static-comm.bigolive.tv/as/pgc-live-manage/lpsy/1vqNKR00y2TWPL00mBTgP.png,100,
504147,Blow bubbles,https://static-comm.bigolive.tv/as/pgc-live-manage/4he/11tSXtcfBD2f.png,100,
504148,Bubbles,https://static-comm.bigolive.tv/as/pgc-live-manage/4hd/11tSYfOGmCosx.png,120,
504149,ตกหลุมรักอีกแล้ว,https://static-comm.bigolive.tv/as/pgc-live-manage/lpsz/1vqSTs00y2TWPL01EaxNf.png,50,
504151,새복많,https://static-comm.bigolive.tv/as/pgc-live-manage/lpsx/1vqTjW00y33lYHC1cRqn9.png,100,
504153,ตึงมาก,https://static-comm.bigolive.tv/as/pgc-live-manage/lpsz/1vqivE00y33lYHC0dTXmE.png,1,
504154,แซ่บไฟลุก,https://static-comm.bigolive.tv/as/pgc-live-manage/lpsz/1vqizt00y2TWPL01V48rC.png,1,
504155,Raya Ketupat,https://static-comm.bigolive.tv/as/pgc-live-manage/lpsz/1vqj1b00y33lYHC0nPZDN.png,1,
504156,설날 떡국,https://static-comm.bigolive.tv/as/pgc-live-manage/lpsy/1vqj3900y33lYHC1wTwzy.png,1,
504157,Lucky Bag,https://static-comm.bigolive.tv/as/pgc-live-manage/lpsy/1vqkoC00y2TWPL01n1QXY.png,1,
504159,Instant Blessing,https://static-comm.bigolive.tv/as/pgc-live-manage/lpsz/1vrIW400y33lYHC23C3YT.png,10,
504160,Full Power,https://static-comm.bigolive.tv/as/pgc-live-manage/lpsx/1vrIWz00y2TWPL00nEq53.png,50,
504161,Instant Luck,https://static-comm.bigolive.tv/as/pgc-live-manage/lpsy/1vrIZ700y2TWPL00DUb9U.png,100,
504162,Instant Double,https://static-comm.bigolive.tv/as/pgc-live-manage/lpsy/1vrIa900y2TWPL02187Vg.png,200,
504163,Instant Happiness,https://static-comm.bigolive.tv/as/pgc-live-manage/lpsy/1vrIbk00y33lYHC17Q0y2.png,300,
504164,Instant Joy,https://static-comm.bigolive.tv/as/pgc-live-manage/lpsx/1vrIdM00y2TWPL02EhuIE.png,500,
504165,Instant Wealth,https://static-comm.bigolive.tv/as/pgc-live-manage/lpsx/1vrIf000y33lYHC15lZgq.png,1000,
504167,Launch Boost,https://static-comm.bigolive.tv/as/pgc-live-manage/lpsy/1vqUvV00y2TWPL01wohhL.png,1000,
504170,Winning Moment,https://static-comm.bigolive.tv/as/pgc-live-manage/lpsz/1vq0r900y2TWPL007sn5R.png,10000,
504171,Golden Scepter,https://static-comm.bigolive.tv/as/pgc-live-manage/lpsx/1vugP500y33lYHC0cxTgN.png,1,
504173,MISS AMERICA,https://static-comm.bigolive.tv/as/pgc-live-manage/4hp/1ty0jO9ef823701a544509b15dd5791fd836d8ph.png,10000,
504176,Golden Crown,https://static-comm.bigolive.tv/as/pgc-live-manage/lpsy/1vunk400y2TWPL018F34A.png,3,
504178,Valor Medal,https://static-comm.bigolive.tv/as/pgc-live-manage/lpsz/1vx07K00y33lYHC0KREox.png,60,
504179,Triumph Shield,https://static-comm.bigolive.tv/as/pgc-live-manage/lpsz/1vx08M00y33lYHC1Bi63S.png,100,
504180,Sky Sword,https://static-comm.bigolive.tv/as/pgc-live-manage/lpsx/1vx09400y33lYHC0pDBPt.png,200,
504181,Holy Throne,https://static-comm.bigolive.tv/as/pgc-live-manage/lpsx/1vx09c00y2TWPL01lLJWY.png,500,
504182,Star Crown,https://static-comm.bigolive.tv/as/pgc-live-manage/lpsy/1vx0AG00y33lYHC012YBT.png,1000,
504183,King’s Return,https://static-comm.bigolive.tv/as/pgc-live-manage/lpsy/1vx0Bb00y33lYHC19kbpK.png,2000,
504184,Legend Trophy,https://static-comm.bigolive.tv/as/pgc-live-manage/lpsy/1vx0Cz00y2TWPL01hhsLE.png,6000,
504188,Mythic,https://static-comm.bigolive.tv/as/pgc-live-manage/lpsy/1vvUSr00y2TWPL02IOmj4.png,50000,
504189,Nova,https://static-comm.bigolive.tv/as/pgc-live-manage/lpsx/1vvUYJ00y2TWPL01SGaqE.png,15000,
504192,Ember,https://static-comm.bigolive.tv/as/pgc-live-manage/lpsx/1vvUap00y2TWPL010Asqu.png,10000,
504196,Burninghope,https://static-comm.bigolive.tv/as/pgc-live-manage/lpsx/1vwDt300y2TWPL019Iqdc.png,5000,
504199,Bloom Up,https://static-comm.bigolive.tv/as/pgc-live-manage/lpsz/1vx00y00y33lYHC146Pbx.png,1,
504202,Curly Blast,https://static-comm.bigolive.tv/as/pgc-live-manage/lpsz/1vx0Fe00y33lYHC0yIimM.png,1,
504205,존예유리❤️,https://static-comm.bigolive.tv/as/pgc-live-manage/lpsz/1vxM2800y33lYHC23UeaS.png,1,
504206,Black,https://static-comm.bigolive.tv/as/pgc-live-manage/lpsz/1vxMcd00y33lYHC0TyGu1.png,1000,
504208,Fluorescent stick,https://static-comm.bigolive.tv/as/pgc-live-manage/4hd/11v37yL5ereAK.png,10,
504209,✨ωнιтє 𝐑σƧє🥀,https://static-comm.bigolive.tv/as/pgc-live-manage/lpsx/1vxbXR00y2TWPL011r8dL.png,1000,
504212,Ассалам Алейкум,https://static-comm.bigolive.tv/as/pgc-live-manage/lpsy/1vxh5U00y33lYHC2Dz0vM.png,5000,
504213,Сумалак,https://static-comm.bigolive.tv/as/pgc-live-manage/lpsz/1vxhjA00y2TWPL00Youh7.png,5000,
504215,Чайная церемония,https://static-comm.bigolive.tv/as/pgc-live-manage/lpsx/1vxhpo00y2TWPL0143TU9.png,100,
504224,С 8 Марта,https://static-comm.bigolive.tv/as/pgc-live-manage/lpsx/1vy5Lt00y33lYHC1R3lZJ.png,100,
504230,Yacht Party,https://static-comm.bigolive.tv/as/pgc-live-manage/lpsx/1vyMAT00y2TWPL01dZ9PS.png,39999,
504271,Fire Flight,https://static-comm.bigolive.tv/as/pgc-live-manage/lpsy/1vyLcP00y2TWPL00byxVn.png,1,
504280,White Rose,https://static-comm.bigolive.tv/as/pgc-live-manage/lpsx/1vzqlT00y33lYHC1eMecy.png,1,
504284,ひまりん♡,https://static-comm.bigolive.tv/as/pgc-live-manage/lpsy/1vzuGM00y2TWPL00lrTUw.png,1,
504285,るなぴに沼れっ🧸🌙,https://static-comm.bigolive.tv/as/pgc-live-manage/lpsz/1vzu7v00y2TWPL00gFfie.PNG,10,
504286,大好き❤️HANA︎✿︎,https://static-comm.bigolive.tv/as/pgc-live-manage/lpsy/1vzuHg00y2TWPL018G33s.png,1,
504292,AlexisJeliel,https://static-comm.bigolive.tv/as/pgc-live-manage/lpsz/1w0BsP00y2TWPL01BMB0W.png,1,
504294,SL升级礼物bvt点检,https://static-comm.bigolive.tv/as/pgc-live-manage/lpsx/1w0F3I00y2TWPL01nGqzY.png,100,
504295,SL升级礼物bvt点检-combo,https://static-comm.bigolive.tv/as/pgc-live-manage/lpsx/1w0F3I00y2TWPL01nGqzY.png,100,
504310,海賊モネたん,https://static-comm.bigolive.tv/as/pgc-live-manage/lpsy/1vzu1600y33lYHC019yjN.PNG,500,
504311,LEGION,https://static-comm.bigolive.tv/as/pgc-live-manage/lpsy/1w0zBj00y33lYHC1IIWcw.png,1000,
504317,復活あやのざる,https://static-comm.bigolive.tv/as/pgc-live-manage/lpsx/1w21Ba00y33lYHC2Kkui6.png,1,
504319,Crystal Butterfly,https://static-comm.bigolive.tv/as/pgc-live-manage/lpsy/1w24MH00y2TWPL01gLax3.png,1200,
504320,Ivory Tiger,https://static-comm.bigolive.tv/as/pgc-live-manage/lpsy/1w24NS00y33lYHC0hqYQU.png,6000,
504321,Galaxy Supercar,https://static-comm.bigolive.tv/as/pgc-live-manage/lpsy/1w24Pz00y33lYHC038iAQ.png,12000,
504322,Royal Dance,https://static-comm.bigolive.tv/as/pgc-live-manage/lpsz/1w24RI00y2TWPL000OdXg.png,48000,
504323,Royal Masquerade,https://static-comm.bigolive.tv/as/pgc-live-manage/lpsz/1w24UV00y33lYHC0l1sfR.png,96000,
504324,Gelato,https://static-comm.bigolive.tv/as/pgc-live-manage/lpsz/1w24UX00y33lYHC0VQrvg.png,1,
504325,Pizza,https://static-comm.bigolive.tv/as/pgc-live-manage/lpsz/1w24bX00y2TWPL02928nQ.png,100,
504327,Colosseum,https://static-comm.bigolive.tv/as/pgc-live-manage/lpsy/1w24dk00y33lYHC1NwWlF.png,2000,
504329,AC Milan,https://static-comm.bigolive.tv/as/pgc-live-manage/lpsy/1w24gZ00y2TWPL00zsJ5o.png,100,
504331,Inter Milan,https://static-comm.bigolive.tv/as/pgc-live-manage/lpsx/1w24hz00y2TWPL00HnZG0.png,100,
504333,Roma,https://static-comm.bigolive.tv/as/pgc-live-manage/lpsy/1w24jW00y33lYHC0seVV1.png,100,
504335,Napoli,https://static-comm.bigolive.tv/as/pgc-live-manage/lpsx/1w24lO00y33lYHC0s0SnL.png,100,
504339,Bubbles,https://static-comm.bigolive.tv/as/pgc-live-manage/lpsy/1w24oY00y33lYHC0CA5pM.png,120,
504340,Juventus,https://static-comm.bigolive.tv/as/pgc-live-manage/lpsy/1w24oV00y33lYHC0by5aa.png,100,
504343,團結小豬團隊,https://static-comm.bigolive.tv/as/pgc-live-manage/lpsy/1w2ODP00y2TWPL01QZ1gY.png,100,
504344,黑魔女覺醒中,https://static-comm.bigolive.tv/as/pgc-live-manage/lpsx/1w2OMe00y2TWPL01cNCzM.png,666,
504345,虎克船長降臨,https://static-comm.bigolive.tv/as/pgc-live-manage/lpsy/1w2OQ000y2TWPL01AWSrt.png,30,
504346,霸氣紅心皇后,https://static-comm.bigolive.tv/as/pgc-live-manage/lpsy/1w2OSF00y33lYHC0q0VKX.png,150,
504347,浪漫白雪獻禮,https://static-comm.bigolive.tv/as/pgc-live-manage/lpsz/1w2OVS00y2TWPL01LZyX1.png,60,
504350,勇者鬥惡龍,https://static-comm.bigolive.tv/as/pgc-live-manage/lpsz/1w2Px300y33lYHC0EysJl.png,888,
504351,愛麗絲仙境,https://static-comm.bigolive.tv/as/pgc-live-manage/lpsx/1w2Pyz00y33lYHC23Ghkc.png,100,
504352,魔女的試煉,https://static-comm.bigolive.tv/as/pgc-live-manage/lpsy/1w2Q2900y2TWPL00kVvxh.png,200,
504353,海洋歷險記,https://static-comm.bigolive.tv/as/pgc-live-manage/lpsy/1w2Q5d00y2TWPL012buFa.png,300,
504366,鹽值暴擊,https://static-comm.bigolive.tv/as/pgc-live-manage/lpsy/1w348300y33lYHC1RZCK7.png,6000,
504368,Loveless,https://static-comm.bigolive.tv/as/pgc-live-manage/lpsz/1w34Ex00y2TWPL01uyqbt.png,16888,
504370,Anniversary Spokesperson,https://static-comm.bigolive.tv/as/pgc-live-manage/lpsz/1w4eRo00y2TWPL01E0GVx.png,10000,
504371,Anniversary Train,https://static-comm.bigolive.tv/as/pgc-live-manage/lpsy/1w4eQR00y2TWPL00InBFR.png,5000,
504372,ガラプリンセス,https://static-comm.bigolive.tv/as/pgc-live-manage/lpsx/1w3DU300y33lYHC0jA6KR.png,5,
504373,Тюбетейка,https://static-comm.bigolive.tv/as/pgc-live-manage/lpsx/1w3DnD00y33lYHC0JkZvO.png,60,
504374,Гранатовое дерево,https://static-comm.bigolive.tv/as/pgc-live-manage/lpsy/1w3DzL00y2TWPL02IGhe1.png,1,
504375,Тюльпан,https://static-comm.bigolive.tv/as/pgc-live-manage/lpsx/1w3E1a00y2TWPL018Ac7h.png,1,
504376,Сузани,https://static-comm.bigolive.tv/as/pgc-live-manage/lpsy/1w3E3d00y2TWPL01H476q.png,10,
504425,⚔️KK⚔️,https://static-comm.bigolive.tv/as/pgc-live-manage/lpsy/1w3W9H00y2TWPL00V3r3p.png,9999,
504427,Always Us,https://static-comm.bigolive.tv/as/pgc-live-manage/lpsx/1w3WIF00y2TWPL02GE7YR.png,1000,
504429,SoSo,https://static-comm.bigolive.tv/as/pgc-live-manage/lpsy/1w3WNK00y2TWPL01Hbwj8.png,10000,
504431,Anniversary Medal,https://static-comm.bigolive.tv/as/pgc-live-manage/lpsx/1w4eOE00y33lYHC289SoH.png,1,
504432,Global Celebration,https://static-comm.bigolive.tv/as/pgc-live-manage/lpsz/1w4ePH00y33lYHC0maM2D.png,1000,
504433,Anniversary Cake,https://static-comm.bigolive.tv/as/pgc-live-manage/lpsx/1w5FEV00y2TWPL02IFwZr.png,100,
504434,Go Italy!,https://static-comm.bigolive.tv/as/pgc-live-manage/lpsx/1w4UyY00y2TWPL022RxDX.png,100,
504436,Top Vault,https://static-comm.bigolive.tv/as/pgc-live-manage/lpsz/1w4K9l00y2TWPL001Ibob.png,199,
504444,Celebration Crown,https://static-comm.bigolive.tv/as/pgc-live-manage/lpsx/1w4eFe00y2TWPL02IPFC2.png,500,
504456,DJ Khadaffy,https://static-comm.bigolive.tv/as/pgc-live-manage/lpsz/1w4pB700y2TWPL01SlDD2.png,100,
504460,独立概率测试,https://static-comm.bigolive.tv/as/pgc-live-manage/lpsz/1vpPMB00y2TWPL00fRPdc.png,10,
504463,后台自定义,https://static-comm.bigolive.tv/as/pgc-live-manage/lpsz/1vpPMB00y2TWPL00fRPdc.png,10,
504469,A98,https://static-comm.bigolive.tv/as/pgc-live-manage/lpsz/1w5JiS00y33lYHC0uSKLZ.png,1000,
504473,sl升级礼物-独立,https://static-comm.bigolive.tv/as/pgc-live-manage/lpsy/1w5I7J00y33lYHC0NpY2D.png,10,
504489,運命のタマゴ,https://static-comm.bigolive.tv/as/pgc-live-manage/lpsz/1w5h0w00y33lYHC1M1jDQ.png,1,
504490,奇跡のタマゴ,https://static-comm.bigolive.tv/as/pgc-live-manage/lpsy/1w5h1h00y33lYHC1mMbks.png,1,
504491,遠古童話書,https://static-comm.bigolive.tv/as/pgc-live-manage/lpsy/1w5hW200y33lYHC0qs57R.png,100,
504492,冒險啟程,https://static-comm.bigolive.tv/as/pgc-live-manage/lpsz/1w5hXi00y2TWPL00y4Q5U.png,200,
504498,골든에그,https://static-comm.bigolive.tv/as/pgc-live-manage/lpsz/1w63Cp00y33lYHC0G58aD.png,50,
504501,Lasthope,https://static-comm.bigolive.tv/as/pgc-live-manage/lpsy/1w763m00y33lYHC07EhHA.png,100,
504503,🥷🏻ZAYN💸,https://static-comm.bigolive.tv/as/pgc-live-manage/lpsx/1w768k00y2TWPL002LrDJ.png,100,
504505,Plumber Dino,https://static-comm.bigolive.tv/as/pgc-live-manage/lpsz/1w7TO900y33lYHC125AJy.png,1,
504506,Magic Princess,https://static-comm.bigolive.tv/as/pgc-live-manage/lpsz/1w7TPr00y2TWPL00FObOW.png,1,
504507,qq大奖保底,https://static-comm.bigolive.tv/as/pgc-live-manage/lpsy/1w5I7J00y33lYHC0NpY2D.png,10,
504508,批量概率礼物,https://static-comm.bigolive.tv/as/pgc-live-manage/lpsx/1w7lpC00y33lYHC0g6hJi.png,10,
504509,伪随机,https://static-comm.bigolive.tv/as/pgc-live-manage/lpsz/1w7lvU00y2TWPL01oEbel.png,10,
504510,qq大奖保底周期30,https://static-comm.bigolive.tv/as/pgc-live-manage/lpsy/1w5I7J00y33lYHC0NpY2D.png,10,
504513,sl升级爆屏-独立,https://static-comm.bigolive.tv/as/pgc-live-manage/lpsy/1w5I7J00y33lYHC0NpY2D.png,10,
504527,ACCMUON,https://static-comm.bigolive.tv/as/pgc-live-manage/lpsz/1w7rAo00y2TWPL01CeHrf.png,5000,
504528,ACCMUON,https://static-comm.bigolive.tv/as/pgc-live-manage/lpsz/1w7rAo00y2TWPL01CeHrf.png,5000,
504529,非爆屏-独立概率测试,https://static-comm.bigolive.tv/as/pgc-live-manage/lpsz/1vpPMB00y2TWPL00fRPdc.png,10,
504534,BLUՈT,https://static-comm.bigolive.tv/as/pgc-live-manage/lpsz/1w87Dq00y2TWPL00eL5oY.png,10000,
504536,Easter Egg,https://static-comm.bigolive.tv/as/pgc-live-manage/lpsx/1w8EAJ00y2TWPL01mbRLg.png,1,
504537,Easter Bunny,https://static-comm.bigolive.tv/as/pgc-live-manage/lpsx/1w8EBd00y33lYHC2FowQW.png,1,
504539,Anniversary Trophy,https://static-comm.bigolive.tv/as/pgc-live-manage/lpsz/1w8EvE00y2TWPL024EdOE.png,100,
504540,Anniversary Fireworks,https://static-comm.bigolive.tv/as/pgc-live-manage/lpsz/1w8F2b00y2TWPL01ae6lh.png,200,
504541,Hot Air Balloon,https://static-comm.bigolive.tv/as/pgc-live-manage/lpsz/1w8F4D00y33lYHC1oGhb2.png,500,
504542,Parade Float,https://static-comm.bigolive.tv/as/pgc-live-manage/lpsx/1w8F7V00y33lYHC16IRds.png,1000,
504543,Celebration Cruise,https://static-comm.bigolive.tv/as/pgc-live-manage/lpsz/1w8F9a00y33lYHC18jrDK.png,5000,
504544,Anniversary Celebration,https://static-comm.bigolive.tv/as/pgc-live-manage/lpsy/1w8JHp00y2TWPL015E9aW.png,3000,
504545,Anniversary Cannon,https://static-comm.bigolive.tv/as/pgc-live-manage/lpsy/1w8Esk00y2TWPL0086z5N.png,60,
504555,♡~FouFou~♡𝓚𝓐,https://static-comm.bigolive.tv/as/pgc-live-manage/lpsz/1w0xy900y33lYHC1W4bAe.png,10000,
504556,HỒ CA,https://static-comm.bigolive.tv/as/pgc-live-manage/lpsz/1w0xy900y33lYHC1W4bAe.png,10000,
504557,_09A,https://static-comm.bigolive.tv/as/pgc-live-manage/lpsx/1w0xwX00y33lYHC27ADwu.png,3000,
504558,🔥 KK 🔥,https://static-comm.bigolive.tv/as/pgc-live-manage/lpsz/1w0xy900y33lYHC1W4bAe.png,10000,
504559,♠️JOKeR&YoU♥️,https://static-comm.bigolive.tv/as/pgc-live-manage/lpsz/1w0xy900y33lYHC1W4bAe.png,10000,
504560,INTENSA,https://static-comm.bigolive.tv/as/pgc-live-manage/lpsx/1w0xwX00y33lYHC27ADwu.png,3000,
504561,✨NİSAN✨,https://static-comm.bigolive.tv/as/pgc-live-manage/lpsz/1w0xy900y33lYHC1W4bAe.png,10000,
504562,✭Mat,https://static-comm.bigolive.tv/as/pgc-live-manage/lpsz/1w0xy900y33lYHC1W4bAe.png,10000,
504563,Anabiya,https://static-comm.bigolive.tv/as/pgc-live-manage/lpsx/1w0xwX00y33lYHC27ADwu.png,3000,
504564,𝒮✮𝑭𝒓𝒆𝒚🍾,https://static-comm.bigolive.tv/as/pgc-live-manage/lpsx/1w0xwX00y33lYHC27ADwu.png,3000,
504565,•ꩇׁׅ݊r̺͆.ℂ𝕠¢ø•,https://static-comm.bigolive.tv/as/pgc-live-manage/lpsz/1w0xy900y33lYHC1W4bAe.png,10000,
504566,𝒮✮𝖱𝗈𝗇𝗂ᴮᴮ,https://static-comm.bigolive.tv/as/pgc-live-manage/lpsx/1w0xwX00y33lYHC27ADwu.png,3000,
504567,Zoya,https://static-comm.bigolive.tv/as/pgc-live-manage/lpsx/1w0xwX00y33lYHC27ADwu.png,3000,
504568,★⁂⁙ᗪɐ𝗻𝗻𝐲⁙⁂★,https://static-comm.bigolive.tv/as/pgc-live-manage/lpsz/1w0xy900y33lYHC1W4bAe.png,10000,
504569,A1🇬🇧OFFICIAL,https://static-comm.bigolive.tv/as/pgc-live-manage/lpsz/1w0xy900y33lYHC1W4bAe.png,10000,
504570,Star Crown Capsule,https://static-comm.bigolive.tv/as/pgc-live-manage/lpsz/1w8Lf800y33lYHC06CMeK.png,199,
504571,Fiesta Trophy,https://static-comm.bigolive.tv/as/pgc-live-manage/lpsy/1w93ee00y33lYHC29p2YQ.png,3000,
504572,Royal Scepter,https://static-comm.bigolive.tv/as/pgc-live-manage/lpsy/1w93eG00y2TWPL00nl4Le.png,2000,
504573,Glory Wings,https://static-comm.bigolive.tv/as/pgc-live-manage/lpsy/1w93ds00y33lYHC0YyvEg.png,1500,
504574,Crown Reina,https://static-comm.bigolive.tv/as/pgc-live-manage/lpsy/1w93dG00y33lYHC1i8IdH.png,1000,
504575,Stella Necklace,https://static-comm.bigolive.tv/as/pgc-live-manage/lpsz/1w93ct00y33lYHC0goDZd.png,360,
504576,Reina Ring,https://static-comm.bigolive.tv/as/pgc-live-manage/lpsy/1w93cR00y33lYHC0JJZVc.png,250,
504577,Lustre Rose,https://static-comm.bigolive.tv/as/pgc-live-manage/lpsy/1w93JP00y33lYHC0jLhQm.png,10,
504578,BaBaYaGa 4,https://static-comm.bigolive.tv/as/pgc-live-manage/lpsz/1w8V7x00y33lYHC1R3LCS.png,5000,
504581,Easter Egg Box,https://static-comm.bigolive.tv/as/pgc-live-manage/lpsz/1w8bqh00y33lYHC28Ktpu.png,20,
504582,Flying bunny,https://static-comm.bigolive.tv/as/pgc-live-manage/4h9/273web.png,1000,
504591,ขันน้ำ,https://static-comm.bigolive.tv/as/pgc-live-manage/lpsy/1wA2EN00y33lYHC1cD9XP.png,1,
504592,สาดน้ำ,https://static-comm.bigolive.tv/as/pgc-live-manage/lpsx/1wA2OX00y33lYHC1mhUsV.png,20,
504593,มาลัยดอกไม้,https://static-comm.bigolive.tv/as/pgc-live-manage/lpsy/1wA2RR00y2TWPL029bTKB.png,50,
504594,Sweet Songkarn,https://static-comm.bigolive.tv/as/pgc-live-manage/lpsx/1wA2dh00y2TWPL01gZ0tn.png,100,
504595,Miss Songkarn,https://static-comm.bigolive.tv/as/pgc-live-manage/lpsx/1wA2gp00y2TWPL025kk6i.png,2000,
504602,팸팸 대마왕,https://static-comm.bigolive.tv/as/pgc-live-manage/lpsy/1wB62v00y33lYHC1Pgu7k.png,99,
504608,Везунчик,https://static-comm.bigolive.tv/as/pgc-live-manage/lpsy/1wATlj00y2TWPL00FlWO4.png,1000,
504609,Irsa rajput,https://static-comm.bigolive.tv/as/pgc-live-manage/lpsy/1wAeyj00y33lYHC0fleia.png,3000,
504611,WhoAmI2,https://static-comm.bigolive.tv/as/pgc-live-manage/lpsx/1wAiNc00y33lYHC13NN8K.png,10000,
504613,RESPECT,https://static-comm.bigolive.tv/as/pgc-live-manage/lpsx/1wAiQ700y33lYHC2IgXdY.png,10000,
504615,Golden Melody,https://static-comm.bigolive.tv/as/pgc-live-manage/lpsx/1wButJ00y2TWPL00RMypG.png,999,
504616,Live Aura,https://static-comm.bigolive.tv/as/pgc-live-manage/lpsz/1wBut200y33lYHC025D7T.png,6666,
504617,West Coast,https://static-comm.bigolive.tv/as/pgc-live-manage/lpsz/1wBush00y2TWPL00fyxxr.png,5000,
504618,Roar Wave,https://static-comm.bigolive.tv/as/pgc-live-manage/lpsx/1wBusH00y2TWPL00GAzrA.png,3000,
504619,Acoustic Guitar,https://static-comm.bigolive.tv/as/pgc-live-manage/lpsx/1wAlTZ00y2TWPL022yyGn.png,500,
504621,Justin's Party,https://static-comm.bigolive.tv/as/pgc-live-manage/lpsy/1wBurl00y2TWPL00ZwNN9.png,9999,
504622,Justin American,https://static-comm.bigolive.tv/as/pgc-live-manage/lpsx/1wBuwW00y33lYHC0EJ4qu.png,399,
504623,カワウソ,https://static-comm.bigolive.tv/as/pgc-live-manage/lpsy/1wAMwY00y2TWPL01KElSp.png,15,
504624,コアラ,https://static-comm.bigolive.tv/as/pgc-live-manage/lpsx/1wAKG800y33lYHC0HfSNd.png,5,
504625,レッサーパンダ,https://static-comm.bigolive.tv/as/pgc-live-manage/lpsx/1wAMz800y33lYHC1SuyVq.png,100,
504626,ペンギン,https://static-comm.bigolive.tv/as/pgc-live-manage/lpsz/1wAMxw00y2TWPL00L7KG3.png,50,
504629,Como 1907,https://static-comm.bigolive.tv/as/pgc-live-manage/lpsz/1wCDIb00y2TWPL02DxiJx.png,100,
504631,S.S. Lazio,https://static-comm.bigolive.tv/as/pgc-live-manage/lpsx/1wCDKy00y33lYHC1aTWxP.png,100,
504633,Nerazzurri,https://static-comm.bigolive.tv/as/pgc-live-manage/lpsz/1wCDM700y2TWPL00OUvlR.png,100,
504645,LiBrA,https://static-comm.bigolive.tv/as/pgc-live-manage/lpsx/1wCTEM00y33lYHC1kyccf.png,10000,
504647,Burninghope 2.0,https://static-comm.bigolive.tv/as/pgc-live-manage/lpsy/1wCTf700y33lYHC0P99Mc.png,9999,
504653,РОДНЯ❤,https://static-comm.bigolive.tv/as/pgc-live-manage/lpsz/1wDHr600y2TWPL00I3eww.png,1000,
504655,I❤️U,https://static-comm.bigolive.tv/as/pgc-live-manage/lpsy/1wDHyZ00y2TWPL01VV1VX.png,5000,
504657,Summon,https://static-comm.bigolive.tv/as/pgc-live-manage/lpsz/1wDI1700y33lYHC0HSqag.png,5000,
504660,BREN X KZN,https://static-comm.bigolive.tv/as/pgc-live-manage/lpsy/1wDIih00y33lYHC2Gu5bw.png,9999,
504673,뚜뚜월드🍄,https://static-comm.bigolive.tv/as/pgc-live-manage/lpsy/1wDY4y00y2TWPL006vxvb.png,1,
504674,리안빵,https://static-comm.bigolive.tv/as/pgc-live-manage/lpsx/1wDY6V00y33lYHC0gfX0M.png,1,
504682,ベルBIちゃん,https://static-comm.bigolive.tv/as/pgc-live-manage/lpsy/1wDdP800y33lYHC1vWMJF.png,100,
504683,Burninghope 3.0,https://static-comm.bigolive.tv/as/pgc-live-manage/lpsx/1wDdds00y33lYHC1dvQj0.png,9999,
504704,Гвоздика,https://static-comm.bigolive.tv/as/pgc-live-manage/lpsx/1wEpL500y2TWPL02FZvHp.png,1,
504706,Бумажный журавлик,https://static-comm.bigolive.tv/as/pgc-live-manage/lpsy/1wEpQ300y2TWPL00FWOyB.png,10,
504708,Белые журавли,https://static-comm.bigolive.tv/as/pgc-live-manage/lpsy/1wEpTt00y2TWPL00h0jb9.png,100,
504710,Праздничный салют,https://static-comm.bigolive.tv/as/pgc-live-manage/lpsy/1wEpXM00y33lYHC1tqVdI.png,5000,
504712,Семейный портрет,https://static-comm.bigolive.tv/as/pgc-live-manage/lpsx/1wEpZa00y2TWPL018htOQ.png,5000,
504714,LV Fairy Dragon,https://static-comm.bigolive.tv/as/pgc-live-manage/lpsz/1wF08s00y2TWPL00T977K.png,1000,
504716,Helping Hands,https://static-comm.bigolive.tv/as/pgc-live-manage/lpsx/1wF0Co00y33lYHC18ubW6.png,1000,
504721,in live house,https://static-comm.bigolive.tv/as/pgc-live-manage/lpsx/1wEpL500y2TWPL02FZvHp.png,1,
504724,Oath Pendant,https://static-comm.bigolive.tv/as/pgc-live-manage/lpsz/1wFkzj00y33lYHC0XKZdR.png,10,
504725,Iron Crown,https://static-comm.bigolive.tv/as/pgc-live-manage/lpsz/1wFq7C00y2TWPL026QI6J.png,120,
504726,Royal Sword,https://static-comm.bigolive.tv/as/pgc-live-manage/lpsz/1wFq5R00y2TWPL00RndD3.png,200,
504727,Iron Legion,https://static-comm.bigolive.tv/as/pgc-live-manage/lpsz/1wFq6m00y33lYHC28rKbW.png,500,
504728,Winter Siege,https://static-comm.bigolive.tv/as/pgc-live-manage/lpsx/1wFq6W00y33lYHC182ke2.png,700,
504729,Dragon Flight,https://static-comm.bigolive.tv/as/pgc-live-manage/lpsy/1wFpWf00y2TWPL01a4HHW.png,1000,
504730,Royal Ascension,https://static-comm.bigolive.tv/as/pgc-live-manage/lpsz/1wFq7d00y33lYHC05VMqR.png,1500,
504731,💓Love Attack,https://static-comm.bigolive.tv/as/pgc-live-manage/4h2/26lnKs.png,100,
504732,💓Crush,https://static-comm.bigolive.tv/as/pgc-live-manage/4h2/26lnKs.png,100,
504739,NICORUS TH,https://static-comm.bigolive.tv/as/pgc-live-manage/lpsz/1wFrXj00y2TWPL02H5LuV.png,1,
504742,Time Shards,https://static-comm.bigolive.tv/as/pgc-live-manage/lpsx/1w2Nzr00y2TWPL01vIKME.png,1000,
504743,Respect,https://static-comm.bigolive.tv/as/pgc-live-manage/lpsz/1wG6qa00y33lYHC0GzxzP.png,100,
504759,Khan Sultan👑,https://static-comm.bigolive.tv/as/pgc-live-manage/lpsz/1wHFMb00y33lYHC08kEoe.png,2500,
504761,UUBiuBiuBiu,https://static-comm.bigolive.tv/as/pgc-live-manage/lpsz/1wHxzU00y33lYHC1IyFZd.png,10000,
504763,Global Ailesi,https://static-comm.bigolive.tv/as/pgc-live-manage/lpsx/1wILHh00y33lYHC0tZ8t4.png,5000,
504765,🍠芋揚の揚芋🥔,https://static-comm.bigolive.tv/as/pgc-live-manage/lpsz/1wIMu900y33lYHC1HQpYM.png,1,
504766,Interstellar Party,https://static-comm.bigolive.tv/as/pgc-live-manage/lpsz/1wIQLw00y2TWPL024qUFf.png,1,
504785,1 Point☝️,https://static-comm.bigolive.tv/as/pgc-live-manage/lpsx/1wKQsY00y2TWPL00cMJTm.png,1,
504787,Grit,https://static-comm.bigolive.tv/as/pgc-live-manage/lpsy/1wKR4700y2TWPL01j6PDD.png,50,
504789,Alright!,https://static-comm.bigolive.tv/as/pgc-live-manage/lpsy/1wKRIU00y33lYHC0iY8d7.png,20,
504791,Welcome!,https://static-comm.bigolive.tv/as/pgc-live-manage/lpsz/1wKRLl00y2TWPL005WxFh.png,3,
504793,Yes!,https://static-comm.bigolive.tv/as/pgc-live-manage/lpsy/1wKROI00y2TWPL00T7sLr.png,5,
504795,No way!,https://static-comm.bigolive.tv/as/pgc-live-manage/lpsx/1wKRQm00y33lYHC2F9bqu.png,10,
504797,This is lit!,https://static-comm.bigolive.tv/as/pgc-live-manage/lpsy/1wKRSx00y33lYHC2L64b4.png,100,
504799,Talking back?,https://static-comm.bigolive.tv/as/pgc-live-manage/lpsx/1wKRUy00y2TWPL00N6SYg.png,200,
504801,Momentum🚀,https://static-comm.bigolive.tv/as/pgc-live-manage/lpsx/1wKRWh00y33lYHC0fbUtv.png,5000,
504803,へっぽこ,https://static-comm.bigolive.tv/as/pgc-live-manage/lpsy/1wKTTy00y2TWPL02JJBRO.png,1,
504804,Gang Conflict 4,https://static-comm.bigolive.tv/as/pgc-live-manage/lpsx/1wKsNG00y2TWPL01xwKpD.png,5000,
504805,Gang Conflict 5,https://static-comm.bigolive.tv/as/pgc-live-manage/lpsy/1wKsmo00y2TWPL01pJ3cE.png,10000,
504806,EM,https://static-comm.bigolive.tv/as/pgc-live-manage/lpsy/1wLHks00y2TWPL009PlvT.png,100,
504808,Thunder Beast,https://static-comm.bigolive.tv/as/pgc-live-manage/lpsz/1wM6lg00y2TWPL02AjEYx.png,1000,
504809,Thunder Dragon,https://static-comm.bigolive.tv/as/pgc-live-manage/lpsx/1wM6qG00y33lYHC1ZU1Jo.png,5000,
504810,Thunder Warrior,https://static-comm.bigolive.tv/as/pgc-live-manage/lpsx/1wM6tb00y2TWPL01eOWBq.png,10000,
504811,Thunder Warrior,https://static-comm.bigolive.tv/as/pgc-live-manage/lpsy/1wM75F00y2TWPL02ICHxI.png,10000,
504812,Thunder Beacon,https://static-comm.bigolive.tv/as/pgc-live-manage/lpsy/1wMGUn00y33lYHC0KmMYh.png,1,
504813,Thunder Warhammer,https://static-comm.bigolive.tv/as/pgc-live-manage/lpsy/1wMHOz00y33lYHC0QvUZU.png,100,
504814,ADREAL,https://static-comm.bigolive.tv/as/pgc-live-manage/lpsx/1wMKEo00y33lYHC07ajTy.png,100,
504816,Gang Conflict 1,https://static-comm.bigolive.tv/as/pgc-live-manage/lpsy/1wMLle00y2TWPL01RqOPY.png,1,
504818,HỒ GIA,https://static-comm.bigolive.tv/as/pgc-live-manage/lpsz/1wMMoW00y2TWPL00G2crP.png,9999,
504823,Gang Conflict2 2,https://static-comm.bigolive.tv/as/pgc-live-manage/lpsx/1wMdQi00y3AuHU20BDCjr.png,100,
504824,Gang Conflict 3,https://static-comm.bigolive.tv/as/pgc-live-manage/lpsz/1wMdTp00y0EuN6Q28Y8Zr.png,1000,
504831,低价测试1k帮派礼物（勿用）,https://static-comm.bigolive.tv/as/pgc-live-manage/lpsz/1wMdTp00y0EuN6Q28Y8Zr.png,1,
504832,低价测试100帮派礼物（勿用）,https://static-comm.bigolive.tv/as/pgc-live-manage/lpsx/1wMdQi00y3AuHU20BDCjr.png,1,
504835,Baby's Parr,https://static-comm.bigolive.tv/as/pgc-live-manage/lpsy/1wN6Hc00y3AuHU22B1Y00.png,1939,
504839,Eid Cake test,https://static-comm.bigolive.tv/as/pgc-live-manage/4h2/M0C/B8/99/CBIRAF8YVN6IX1AcAACmJzsyKzIAAYOBALXoEwAAKY_758.png,1,
504841,Lantern goat,https://static-comm.bigolive.tv/as/pgc-live-manage/4h5/2Hc0RV.png,100,
504843,Moon sheep,https://static-comm.bigolive.tv/as/pgc-live-manage/4h7/1NMm0g.png,10000,